age_cancer_dx,bmi,performance_status,grade_histological_differentiation,rs11696364_n_risk_alleles,rs169713_n_risk_alleles,rs4524_n_risk_alleles,rs6003_n_risk_alleles,rs2227631_n_risk_alleles,rs268_n_risk_alleles,rs5110_n_risk_alleles,rs6025_n_risk_alleles,rs2232698_n_risk_alleles,rs5985_n_risk_alleles,pTNM_stage,chronic_cardiac_insufficiency,copd,renal_insufficiency,arterial_hypertension,diabetes_mellitus,dyslipidemia,hormone_therapy,previous_vte,previous_ate,venous_insufficiency,family_background_vte,tumor_surgically_removed,catheter_device,VTE,sex,tobacco_use_Active smoker,tobacco_use_Former smoker,tobacco_use_Never has smoked,primary_tumor_Bile duct,primary_tumor_Brain,primary_tumor_Colorectal,primary_tumor_Gastric,primary_tumor_NSCLC,primary_tumor_Oesophageal,primary_tumor_Pancreatic
46.0,27.77,1,3,0.0,2.0,2.0,2.0,1.0,1.0,2.0,1.0,1.0,1.0,3,0,0,0,0,0,0,0,0,0,0,0,0,1,0.0,1,1,0,0,0,0,1,0,0,0,0
48.0,19.92,2,3,1.0,1.0,2.0,2.0,1.0,1.0,1.0,1.0,1.0,2.0,4,0,1,0,0,0,1,0,0,0,0,1,0,0,0.0,1,0,1,0,0,0,0,0,1,0,0
82.0,34.32,1,2,0.0,2.0,2.0,2.0,2.0,1.0,1.0,1.0,1.0,2.0,4,0,0,0,0,1,0,0,0,0,0,0,0,0,0.0,0,1,0,0,0,0,0,0,1,0,0
75.0,31.39,1,2,0.0,2.0,0.0,2.0,2.0,1.0,1.0,1.0,1.0,1.0,4,0,0,0,1,0,1,1,0,0,0,0,0,0,0.0,0,0,1,0,0,0,1,0,0,0,0
51.0,21.92,1,2,0.0,2.0,2.0,2.0,1.0,1.0,2.0,1.0,1.0,2.0,1,0,0,0,1,0,0,0,0,0,0,0,0,1,0.0,1,0,0,1,0,0,0,1,0,0,0
47.0,22.45,2,2,0.0,1.0,1.0,0.0,2.0,1.0,0.0,1.0,1.0,0.0,4,0,0,0,0,1,0,0,0,0,1,0,0,0,0.0,1,0,1,0,0,0,0,0,0,0,1
73.0,39.19,2,2,0.0,1.0,1.0,2.0,2.0,1.0,2.0,1.0,1.0,2.0,3,0,1,0,1,1,1,0,0,0,1,0,1,1,0.0,1,0,1,0,0,0,1,0,0,0,0
73.0,27.09,2,2,0.0,1.0,2.0,1.0,2.0,1.0,2.0,1.0,1.0,0.0,4,0,0,0,1,1,0,0,0,1,1,0,0,0,0.0,0,0,0,1,0,0,0,0,0,0,1
55.0,23.73,1,3,1.0,2.0,1.0,2.0,1.0,1.0,1.0,1.0,1.0,2.0,4,0,0,0,1,1,0,0,0,0,0,0,0,1,0.0,1,0,1,0,0,0,1,0,0,0,0
63.0,23.78,2,3,1.0,1.0,2.0,2.0,2.0,1.0,1.0,1.0,1.0,2.0,3,0,0,0,0,0,0,0,0,0,0,0,0,1,0.0,0,1,0,0,0,0,0,0,0,0,1
76.0,22.52,1,2,2.0,1.0,2.0,0.0,1.0,1.0,2.0,1.0,1.0,1.0,3,0,1,0,1,0,0,0,0,1,0,0,0,0,0.0,0,0,1,0,0,0,1,0,0,0,0
84.0,27.1,1,2,2.0,2.0,1.0,2.0,2.0,1.0,1.0,1.0,1.0,2.0,4,0,0,0,1,0,0,0,0,0,0,0,0,0,0.0,0,0,0,1,0,0,0,0,1,0,0
64.0,19.74,2,2,0.0,1.0,2.0,2.0,2.0,1.0,1.0,1.0,1.0,2.0,3,0,0,0,0,0,0,0,0,0,0,0,0,1,0.0,0,0,1,0,0,0,0,0,0,0,1
78.0,26.08,2,3,1.0,2.0,2.0,1.0,2.0,1.0,2.0,1.0,1.0,2.0,3,0,0,0,1,1,0,0,0,0,0,0,0,0,0.0,1,1,0,0,0,0,0,0,1,0,0
47.0,23.34,2,1,2.0,2.0,2.0,0.0,1.0,1.0,0.0,1.0,1.0,1.0,4,0,0,0,1,1,0,0,0,0,0,0,0,0,1.0,1,0,0,1,0,0,0,0,1,0,0
82.0,24.97,2,1,2.0,1.0,1.0,1.0,1.0,1.0,2.0,1.0,1.0,0.0,3,0,0,0,1,1,0,0,0,0,0,1,0,0,0.0,0,0,1,0,0,0,0,1,0,0,0
51.0,26.88,2,3,1.0,2.0,2.0,2.0,2.0,1.0,0.0,1.0,1.0,1.0,4,0,0,0,0,0,0,0,0,0,0,0,0,0,1.0,1,0,1,0,0,0,0,0,0,0,1
42.0,18.39,1,1,1.0,2.0,1.0,2.0,2.0,1.0,2.0,1.0,1.0,0.0,4,0,0,0,0,0,0,0,0,0,0,0,0,0,1.0,1,0,0,1,0,0,0,0,0,0,1
78.0,25.09,2,2,0.0,0.0,2.0,2.0,2.0,1.0,1.0,1.0,1.0,1.0,3,0,0,0,1,1,0,0,0,1,0,0,0,0,0.0,0,0,1,0,0,0,1,0,0,0,0
54.0,28.28,2,2,0.0,2.0,2.0,1.0,2.0,1.0,0.0,1.0,1.0,1.0,3,0,0,0,0,0,0,0,0,0,0,0,1,1,0.0,1,1,0,0,0,0,0,0,1,0,0
63.0,22.52,1,2,2.0,1.0,2.0,2.0,1.0,1.0,1.0,1.0,1.0,1.0,3,0,0,0,1,0,1,0,0,0,1,0,1,0,1.0,0,0,0,1,1,0,0,0,0,0,0
76.0,26.59,1,1,1.0,1.0,2.0,2.0,2.0,1.0,0.0,1.0,1.0,0.0,4,0,0,0,1,0,0,0,0,0,0,0,1,1,0.0,1,0,1,0,0,0,0,0,1,0,0
77.0,23.7,2,2,2.0,0.0,2.0,1.0,2.0,1.0,2.0,1.0,1.0,1.0,4,0,0,0,1,0,0,0,0,0,0,0,0,0,0.0,1,1,0,0,0,0,0,1,0,0,0
52.0,27.04,1,2,1.0,2.0,1.0,2.0,1.0,1.0,2.0,1.0,1.0,2.0,4,0,1,0,0,0,0,0,0,0,0,1,0,0,0.0,0,0,1,0,0,0,0,0,1,0,0
60.0,27.03,2,1,2.0,2.0,1.0,1.0,2.0,1.0,0.0,1.0,1.0,0.0,4,0,1,0,0,1,1,0,0,0,0,0,0,1,0.0,0,0,1,0,1,0,0,0,0,0,0
75.0,30.21,2,1,2.0,2.0,2.0,2.0,1.0,1.0,0.0,1.0,1.0,2.0,4,0,0,0,1,1,0,0,0,0,0,0,1,1,0.0,0,1,0,0,0,0,0,0,1,0,0
49.0,20.83,2,3,2.0,1.0,1.0,2.0,1.0,1.0,2.0,1.0,1.0,2.0,3,0,0,0,0,0,1,0,0,0,0,0,1,1,0.0,1,0,1,0,0,0,0,1,0,0,0
74.0,25.86,2,1,0.0,1.0,1.0,1.0,2.0,1.0,1.0,1.0,1.0,1.0,4,1,0,0,1,0,0,0,0,0,0,0,0,0,0.0,0,0,1,0,0,0,0,0,1,0,0
56.0,35.24,3,3,0.0,1.0,1.0,2.0,1.0,1.0,2.0,1.0,1.0,2.0,2,0,0,0,1,0,1,0,0,0,0,0,1,0,0.0,0,0,1,0,0,0,0,0,1,0,0
45.0,25.13,2,2,1.0,1.0,2.0,2.0,2.0,1.0,2.0,1.0,1.0,2.0,3,0,0,0,1,0,1,0,0,1,0,0,0,1,0.0,0,0,1,0,0,0,1,0,0,0,0
62.0,20.45,1,2,2.0,1.0,2.0,2.0,1.0,1.0,1.0,1.0,1.0,1.0,3,0,0,0,1,1,0,0,0,0,0,0,0,1,0.0,1,0,1,0,1,0,0,0,0,0,0
56.0,28.73,1,1,0.0,1.0,2.0,2.0,1.0,1.0,2.0,1.0,1.0,1.0,4,0,0,0,1,1,1,0,0,0,0,0,0,0,0.0,0,1,0,0,1,0,0,0,0,0,0
73.0,33.59,1,3,2.0,2.0,2.0,2.0,2.0,1.0,0.0,1.0,1.0,1.0,4,0,0,0,1,0,1,0,0,0,0,0,0,0,0.0,0,0,0,1,0,0,1,0,0,0,0
64.0,20.84,2,3,0.0,1.0,1.0,2.0,2.0,1.0,2.0,1.0,1.0,0.0,4,0,0,0,0,1,1,0,0,0,0,0,0,1,0.0,0,0,1,0,1,0,0,0,0,0,0
84.0,19.45,2,3,2.0,1.0,2.0,2.0,2.0,1.0,0.0,1.0,1.0,0.0,4,0,1,0,1,0,0,0,0,0,0,0,0,0,0.0,1,0,0,1,0,0,0,0,0,0,1
54.0,25.48,3,3,0.0,0.0,2.0,2.0,2.0,1.0,0.0,1.0,1.0,1.0,2,0,0,0,0,0,0,0,0,0,0,0,0,0,0.0,1,0,1,0,0,0,0,0,0,0,1
78.0,25.51,1,1,0.0,1.0,2.0,2.0,1.0,1.0,2.0,1.0,1.0,1.0,3,0,0,0,0,0,0,0,0,0,0,0,1,0,0.0,0,0,1,0,0,0,0,0,1,0,0
69.0,29.55,2,2,0.0,0.0,2.0,2.0,0.0,1.0,1.0,1.0,1.0,2.0,4,0,0,0,1,1,1,0,0,0,0,0,0,0,0.0,1,0,1,0,0,0,1,0,0,0,0
85.0,35.31,1,2,2.0,1.0,0.0,2.0,2.0,1.0,0.0,1.0,1.0,0.0,4,0,0,0,1,1,0,0,0,0,0,0,0,1,0.0,1,0,0,1,0,0,1,0,0,0,0
63.0,23.87,2,1,1.0,2.0,2.0,2.0,2.0,1.0,1.0,1.0,1.0,1.0,4,0,0,0,0,0,0,0,0,0,0,1,0,0,0.0,1,1,0,0,0,0,1,0,0,0,0
76.0,23.4,2,3,2.0,1.0,1.0,2.0,2.0,1.0,1.0,1.0,1.0,1.0,4,0,1,0,0,0,1,0,0,0,0,0,0,0,0.0,0,0,1,0,0,0,0,1,0,0,0
78.0,19.39,2,1,0.0,1.0,0.0,2.0,2.0,1.0,1.0,1.0,1.0,2.0,3,0,1,0,1,0,0,0,0,0,0,0,0,1,0.0,0,1,0,0,1,0,0,0,0,0,0
72.0,21.37,1,3,0.0,1.0,1.0,2.0,2.0,1.0,2.0,1.0,1.0,1.0,4,0,1,0,0,1,1,0,0,1,0,0,1,1,0.0,0,0,0,1,0,0,0,0,0,1,0
83.0,23.37,2,3,0.0,1.0,2.0,2.0,1.0,1.0,1.0,1.0,1.0,2.0,1,0,0,0,1,0,0,0,0,0,0,1,0,1,0.0,1,0,0,1,0,0,0,0,1,0,0
58.0,23.36,2,3,1.0,1.0,1.0,2.0,1.0,1.0,2.0,1.0,1.0,1.0,4,0,1,0,0,0,0,0,0,0,0,0,1,1,1.0,1,0,0,1,0,0,1,0,0,0,0
69.0,20.86,2,1,1.0,2.0,2.0,2.0,1.0,1.0,0.0,1.0,1.0,0.0,4,0,0,0,0,0,0,0,0,0,0,0,0,0,1.0,0,0,1,0,0,0,0,0,1,0,0
77.0,31.42,2,2,0.0,1.0,2.0,2.0,1.0,1.0,0.0,1.0,1.0,1.0,1,0,0,0,0,0,0,0,0,0,0,1,0,1,0.0,0,0,0,1,0,0,0,0,0,0,1
83.0,30.41,2,2,0.0,1.0,1.0,2.0,2.0,1.0,2.0,1.0,1.0,0.0,3,0,0,0,1,1,1,0,0,0,0,0,0,0,1.0,1,1,0,0,0,0,0,0,1,0,0
73.0,24.59,1,2,0.0,0.0,1.0,2.0,2.0,1.0,1.0,1.0,1.0,1.0,3,0,0,0,0,0,0,0,0,0,0,0,0,0,1.0,1,0,0,1,0,0,1,0,0,0,0
50.0,21.44,2,3,2.0,1.0,1.0,1.0,2.0,1.0,2.0,1.0,1.0,0.0,4,0,0,0,1,0,0,0,0,0,0,0,0,1,1.0,0,0,1,0,0,0,0,1,0,0,0
57.0,25.14,1,3,2.0,2.0,2.0,2.0,2.0,1.0,2.0,1.0,1.0,1.0,3,0,0,0,0,1,0,0,0,0,1,0,1,1,0.0,0,0,1,0,0,0,0,0,0,1,0
66.0,20.6,2,1,1.0,2.0,1.0,2.0,1.0,1.0,0.0,1.0,1.0,2.0,4,0,0,0,0,0,0,0,0,0,0,1,0,0,0.0,1,0,1,0,0,0,0,0,1,0,0
58.0,23.03,2,3,0.0,0.0,2.0,2.0,1.0,1.0,0.0,1.0,1.0,2.0,4,0,0,0,0,1,0,0,0,0,1,0,0,0,0.0,0,0,1,0,0,0,1,0,0,0,0
76.0,21.73,1,3,0.0,1.0,2.0,0.0,2.0,1.0,0.0,1.0,1.0,2.0,4,0,0,0,1,0,0,0,0,1,0,0,0,0,0.0,1,1,0,0,0,0,0,0,0,0,1
72.0,25.68,2,2,2.0,2.0,2.0,1.0,1.0,1.0,2.0,1.0,1.0,1.0,4,0,0,0,0,0,1,0,0,0,0,0,0,0,0.0,0,0,1,0,0,0,0,0,1,0,0
77.0,22.8,2,1,0.0,2.0,2.0,2.0,1.0,1.0,2.0,1.0,1.0,2.0,3,0,0,0,1,0,1,0,0,0,1,0,0,0,0.0,1,0,1,0,0,0,1,0,0,0,0
83.0,22.58,2,3,0.0,1.0,2.0,2.0,1.0,1.0,1.0,1.0,1.0,0.0,4,0,0,1,1,0,1,0,0,0,1,0,1,0,0.0,0,1,0,0,0,0,0,0,0,0,1
64.0,30.21,1,3,2.0,1.0,2.0,2.0,2.0,1.0,2.0,1.0,1.0,2.0,4,0,1,0,0,0,0,0,0,0,0,1,1,0,1.0,1,0,0,1,0,0,1,0,0,0,0
52.0,28.3,2,2,0.0,2.0,1.0,2.0,1.0,1.0,2.0,1.0,1.0,1.0,3,0,0,0,0,0,0,0,0,0,1,0,1,0,0.0,1,0,1,0,0,0,0,0,0,1,0
52.0,20.47,2,3,2.0,1.0,1.0,1.0,2.0,1.0,0.0,1.0,1.0,0.0,4,0,0,0,0,0,0,0,0,0,0,0,0,0,0.0,0,0,1,0,0,0,1,0,0,0,0
65.0,22.98,2,2,0.0,2.0,0.0,2.0,1.0,1.0,0.0,1.0,1.0,2.0,4,0,0,0,1,1,0,0,0,0,0,0,0,0,1.0,0,1,0,0,1,0,0,0,0,0,0
75.0,23.07,1,2,0.0,0.0,2.0,1.0,1.0,1.0,0.0,1.0,1.0,1.0,1,0,0,0,1,1,1,0,0,0,0,1,1,0,0.0,1,0,1,0,0,0,0,0,1,0,0
84.0,21.07,2,1,0.0,0.0,2.0,2.0,1.0,1.0,2.0,1.0,1.0,1.0,4,0,0,0,1,0,0,0,0,0,0,1,0,0,1.0,1,0,0,1,0,0,0,0,0,0,1
68.0,22.26,2,3,1.0,0.0,0.0,1.0,2.0,1.0,0.0,1.0,1.0,2.0,4,0,0,0,1,0,0,0,0,0,0,0,0,0,1.0,0,0,1,0,0,0,0,0,0,1,0
50.0,26.2,1,2,2.0,1.0,1.0,2.0,1.0,1.0,1.0,1.0,1.0,2.0,4,0,0,0,1,0,1,0,0,1,0,0,0,1,0.0,1,1,0,0,0,0,0,1,0,0,0
57.0,20.66,1,2,0.0,2.0,2.0,2.0,2.0,1.0,0.0,1.0,1.0,1.0,3,0,0,1,1,0,0,0,0,0,0,0,1,1,1.0,0,0,1,0,0,0,1,0,0,0,0
63.0,23.27,2,1,0.0,1.0,2.0,1.0,1.0,1.0,0.0,1.0,1.0,1.0,4,0,0,1,1,0,0,0,0,0,0,0,0,0,0.0,1,1,0,0,0,0,1,0,0,0,0
59.0,20.45,2,3,2.0,2.0,1.0,2.0,1.0,1.0,2.0,1.0,1.0,1.0,4,0,1,0,0,0,0,0,0,0,0,0,0,1,1.0,0,0,1,0,0,0,0,0,1,0,0
56.0,22.88,2,1,0.0,2.0,2.0,1.0,1.0,1.0,1.0,1.0,1.0,2.0,3,0,1,0,1,0,0,0,0,0,0,0,0,0,1.0,0,0,0,1,0,0,0,0,1,0,0
71.0,28.21,1,1,1.0,0.0,1.0,2.0,2.0,1.0,0.0,1.0,1.0,2.0,1,0,0,1,0,1,1,0,0,0,0,0,1,1,0.0,0,0,1,0,0,0,0,0,0,0,1
61.0,25.31,1,2,0.0,1.0,1.0,2.0,2.0,1.0,0.0,1.0,1.0,2.0,4,0,1,0,1,0,0,0,0,0,0,0,1,0,0.0,0,0,0,1,0,0,1,0,0,0,0
72.0,33.49,1,2,2.0,0.0,1.0,2.0,2.0,1.0,0.0,1.0,1.0,2.0,4,0,0,0,1,1,0,0,0,0,0,0,0,0,0.0,0,0,1,0,0,0,1,0,0,0,0
62.0,22.31,2,2,0.0,2.0,1.0,2.0,2.0,1.0,0.0,1.0,1.0,1.0,4,0,0,0,0,0,1,0,0,0,0,0,0,0,0.0,0,0,1,0,1,0,0,0,0,0,0
71.0,33.98,3,3,2.0,0.0,2.0,2.0,2.0,1.0,0.0,1.0,1.0,1.0,4,0,0,0,0,1,0,0,0,0,0,0,0,0,1.0,0,0,1,0,0,0,0,0,1,0,0
58.0,25.24,2,1,1.0,2.0,0.0,2.0,2.0,1.0,1.0,1.0,1.0,0.0,4,0,0,0,1,0,0,0,0,0,0,0,1,1,0.0,1,0,0,1,0,0,0,0,0,0,1
81.0,24.14,1,2,2.0,1.0,1.0,2.0,1.0,1.0,0.0,1.0,1.0,1.0,3,0,0,1,0,1,1,0,0,0,0,0,1,0,0.0,1,0,0,1,1,0,0,0,0,0,0
57.0,24.4,1,3,1.0,2.0,2.0,2.0,2.0,1.0,2.0,1.0,1.0,1.0,2,0,0,0,0,0,0,0,0,0,0,0,0,1,1.0,1,0,1,0,0,0,0,0,0,0,1
69.0,23.1,2,2,0.0,0.0,2.0,1.0,1.0,1.0,2.0,1.0,1.0,2.0,4,0,0,0,1,0,0,0,0,0,0,0,1,1,1.0,1,1,0,0,0,0,0,0,1,0,0
64.0,23.74,3,3,1.0,2.0,1.0,0.0,1.0,1.0,2.0,1.0,1.0,1.0,4,0,0,0,0,0,0,0,0,0,0,0,1,0,0.0,0,0,1,0,0,0,0,0,1,0,0
49.0,19.84,1,2,0.0,0.0,2.0,2.0,1.0,1.0,0.0,1.0,1.0,0.0,3,0,0,0,0,0,1,0,0,0,1,0,0,0,0.0,0,0,1,0,0,0,0,0,0,0,1
49.0,31.32,2,2,2.0,0.0,1.0,2.0,1.0,1.0,0.0,1.0,1.0,2.0,3,0,0,0,0,0,0,0,0,0,0,0,1,0,0.0,0,0,0,1,0,0,0,0,0,0,1
69.0,17.34,1,3,0.0,1.0,2.0,2.0,1.0,1.0,1.0,1.0,1.0,1.0,3,0,0,0,1,0,0,0,0,1,0,0,0,0,0.0,0,0,1,0,0,0,0,0,0,0,1
70.0,19.52,1,1,1.0,1.0,1.0,2.0,2.0,1.0,2.0,1.0,1.0,2.0,4,0,1,0,0,0,0,0,0,0,0,0,0,0,0.0,1,0,1,0,0,0,0,0,1,0,0
54.0,27.84,1,2,2.0,1.0,1.0,2.0,2.0,1.0,0.0,1.0,1.0,2.0,4,0,1,0,0,0,0,0,0,0,0,0,0,1,0.0,0,1,0,0,0,0,0,1,0,0,0
74.0,25.18,2,1,0.0,2.0,1.0,2.0,1.0,1.0,2.0,1.0,1.0,1.0,4,0,0,0,1,0,0,0,0,0,0,0,0,1,0.0,0,0,1,0,0,0,1,0,0,0,0
58.0,19.35,3,1,0.0,0.0,2.0,2.0,1.0,1.0,1.0,1.0,1.0,1.0,3,0,0,0,0,0,1,0,0,1,0,0,1,0,1.0,1,0,0,1,0,0,0,0,0,0,1
58.0,25.51,2,2,0.0,0.0,2.0,1.0,2.0,1.0,2.0,1.0,1.0,1.0,3,0,0,0,1,0,1,0,0,0,0,0,1,1,1.0,0,0,1,0,0,0,0,1,0,0,0
65.0,19.89,1,3,2.0,1.0,2.0,1.0,1.0,1.0,0.0,1.0,1.0,1.0,4,0,0,0,0,1,0,0,0,1,1,0,1,1,0.0,0,0,1,0,0,0,1,0,0,0,0
59.0,20.99,1,3,2.0,0.0,2.0,2.0,2.0,1.0,0.0,1.0,1.0,1.0,4,0,0,0,1,0,1,0,0,0,0,0,0,1,0.0,1,0,0,1,0,0,1,0,0,0,0
78.0,30.91,2,2,0.0,2.0,1.0,2.0,2.0,1.0,1.0,1.0,1.0,2.0,1,0,0,0,1,0,0,0,0,0,0,0,0,1,0.0,0,1,0,0,0,0,0,0,0,0,1
73.0,23.13,2,2,2.0,1.0,2.0,2.0,2.0,1.0,0.0,1.0,1.0,2.0,4,0,0,0,0,1,1,0,0,1,0,0,0,0,0.0,0,0,1,0,0,0,0,0,1,0,0
75.0,25.14,1,1,0.0,2.0,2.0,2.0,1.0,1.0,0.0,1.0,1.0,0.0,4,0,0,0,1,0,0,0,0,0,0,0,0,1,0.0,1,0,0,1,0,1,0,0,0,0,0
79.0,19.28,1,3,1.0,1.0,1.0,2.0,1.0,1.0,1.0,1.0,1.0,2.0,1,0,0,0,0,0,0,0,0,0,0,0,0,1,0.0,1,0,1,0,0,0,1,0,0,0,0
33.0,24.75,2,2,0.0,1.0,2.0,2.0,2.0,1.0,2.0,1.0,1.0,0.0,3,0,0,0,0,1,1,0,0,0,0,0,0,1,0.0,1,0,0,1,0,0,1,0,0,0,0
47.0,19.38,1,3,0.0,2.0,1.0,2.0,2.0,1.0,0.0,1.0,1.0,2.0,3,0,0,0,0,0,0,0,0,0,0,0,0,1,0.0,0,0,0,1,0,0,0,0,1,0,0
64.0,23.98,2,3,1.0,1.0,1.0,1.0,2.0,1.0,0.0,1.0,1.0,1.0,3,0,0,0,1,0,1,0,0,0,0,1,0,1,0.0,0,0,1,0,1,0,0,0,0,0,0
64.0,21.75,2,2,0.0,2.0,1.0,2.0,2.0,1.0,2.0,1.0,1.0,1.0,1,0,0,0,1,0,0,0,0,0,1,0,0,0,0.0,0,1,0,0,0,0,1,0,0,0,0
49.0,34.73,3,1,1.0,1.0,1.0,2.0,2.0,1.0,1.0,1.0,1.0,2.0,3,0,0,0,0,0,0,0,0,0,0,0,0,0,0.0,0,0,0,1,0,0,1,0,0,0,0
74.0,21.88,2,2,0.0,2.0,2.0,2.0,2.0,1.0,2.0,1.0,1.0,1.0,4,0,0,0,1,0,1,0,0,0,0,0,1,0,0.0,0,0,1,0,0,0,0,0,0,0,1
84.0,31.27,3,2,2.0,0.0,2.0,2.0,2.0,1.0,2.0,1.0,1.0,2.0,4,0,0,0,0,1,1,0,0,1,0,0,0,1,1.0,1,0,1,0,0,0,1,0,0,0,0
64.0,23.77,1,2,0.0,1.0,2.0,0.0,2.0,1.0,1.0,1.0,1.0,1.0,3,0,0,0,0,0,1,0,0,0,0,0,1,0,1.0,1,0,1,0,0,0,1,0,0,0,0
70.0,23.3,2,3,1.0,1.0,1.0,1.0,1.0,1.0,2.0,1.0,1.0,2.0,1,0,0,0,1,0,1,0,0,0,0,0,1,0,1.0,0,0,1,0,0,0,1,0,0,0,0
65.0,24.05,2,3,0.0,2.0,2.0,2.0,1.0,1.0,0.0,1.0,1.0,2.0,4,0,0,0,0,0,0,0,0,0,0,0,0,0,0.0,1,1,0,0,0,0,1,0,0,0,0
51.0,30.76,3,2,2.0,0.0,1.0,2.0,1.0,1.0,0.0,1.0,1.0,2.0,4,0,0,0,0,0,1,0,0,0,0,0,1,1,0.0,0,0,1,0,0,0,0,0,1,0,0
56.0,33.11,3,3,0.0,2.0,2.0,0.0,2.0,1.0,0.0,1.0,1.0,2.0,4,1,1,0,0,0,1,0,0,0,1,0,0,1,0.0,0,0,1,0,0,0,0,0,0,0,1
77.0,26.49,2,1,2.0,1.0,2.0,2.0,1.0,1.0,0.0,1.0,1.0,1.0,4,0,0,0,1,1,0,0,0,0,0,0,0,0,0.0,0,0,1,0,1,0,0,0,0,0,0
68.0,24.19,2,2,0.0,0.0,1.0,1.0,1.0,1.0,0.0,1.0,1.0,2.0,4,0,0,0,0,1,0,0,0,0,0,0,0,0,0.0,1,0,0,1,0,0,1,0,0,0,0
61.0,24.37,2,3,1.0,2.0,1.0,2.0,2.0,1.0,0.0,1.0,1.0,2.0,4,0,0,0,0,0,0,0,0,0,0,1,0,1,0.0,0,0,1,0,0,0,1,0,0,0,0
69.0,24.18,2,3,0.0,2.0,1.0,2.0,1.0,1.0,2.0,1.0,1.0,0.0,4,0,0,0,0,0,1,1,0,0,0,0,1,0,1.0,0,0,1,0,0,0,0,0,0,0,1
70.0,24.33,1,2,1.0,2.0,1.0,2.0,2.0,1.0,2.0,1.0,1.0,2.0,4,0,0,0,0,1,0,0,0,1,0,0,1,0,0.0,0,0,1,0,0,0,1,0,0,0,0
37.0,28.98,1,2,1.0,2.0,1.0,0.0,2.0,1.0,0.0,1.0,1.0,2.0,4,0,0,0,0,0,0,0,0,0,0,0,0,0,0.0,1,1,0,0,0,1,0,0,0,0,0
70.0,21.41,1,2,2.0,2.0,1.0,2.0,2.0,1.0,0.0,1.0,1.0,1.0,4,0,0,0,0,0,1,0,0,0,0,0,0,0,1.0,1,0,0,1,0,0,0,1,0,0,0
71.0,26.42,1,2,2.0,2.0,2.0,2.0,2.0,1.0,2.0,1.0,1.0,0.0,3,0,0,0,1,0,0,0,0,0,0,0,1,1,1.0,1,0,1,0,0,0,0,0,0,0,1
59.0,19.04,2,3,0.0,0.0,2.0,2.0,2.0,1.0,1.0,1.0,1.0,1.0,4,0,0,0,1,1,0,0,0,0,0,0,0,1,0.0,0,1,0,0,0,0,0,0,0,1,0
66.0,28.59,1,1,2.0,0.0,2.0,2.0,2.0,1.0,2.0,1.0,1.0,1.0,3,0,0,0,0,0,1,0,0,0,0,0,1,1,1.0,0,1,0,0,1,0,0,0,0,0,0
74.0,34.26,2,3,1.0,2.0,2.0,2.0,1.0,1.0,2.0,1.0,1.0,2.0,3,0,0,0,1,1,1,0,0,0,0,0,0,1,1.0,0,1,0,0,0,0,1,0,0,0,0
69.0,25.78,2,3,0.0,0.0,1.0,2.0,2.0,1.0,1.0,1.0,1.0,2.0,4,0,0,0,0,0,0,0,0,0,0,0,1,0,0.0,0,0,1,0,0,0,1,0,0,0,0
76.0,19.89,2,3,2.0,1.0,2.0,2.0,0.0,1.0,0.0,1.0,1.0,2.0,4,0,0,0,0,0,0,0,0,0,0,1,0,1,0.0,1,1,0,0,0,0,0,0,0,0,1
69.0,22.52,1,3,0.0,1.0,0.0,2.0,1.0,1.0,1.0,1.0,1.0,0.0,4,0,1,0,0,0,0,0,0,0,0,0,0,0,0.0,0,0,1,0,0,0,0,0,1,0,0
63.0,21.22,2,1,0.0,1.0,2.0,2.0,2.0,1.0,0.0,1.0,1.0,2.0,2,0,0,0,1,0,1,0,0,0,0,0,0,0,1.0,0,0,0,1,0,0,0,0,1,0,0
68.0,23.9,2,3,2.0,0.0,2.0,2.0,2.0,1.0,0.0,1.0,1.0,1.0,1,0,0,0,1,0,0,0,0,0,0,0,1,0,0.0,0,0,1,0,0,0,0,0,1,0,0
65.0,19.06,1,2,2.0,0.0,2.0,2.0,2.0,1.0,2.0,1.0,1.0,2.0,3,0,0,0,0,1,1,0,0,1,0,0,1,0,0.0,1,0,0,1,0,0,0,0,0,0,1
67.0,26.42,2,2,2.0,1.0,2.0,2.0,2.0,1.0,2.0,1.0,1.0,0.0,3,0,0,0,1,0,1,0,0,0,0,0,1,1,0.0,0,0,0,1,0,0,1,0,0,0,0
45.0,34.51,1,3,1.0,2.0,1.0,2.0,2.0,1.0,2.0,1.0,1.0,1.0,1,0,1,0,1,1,1,0,0,0,0,0,1,0,0.0,0,0,1,0,0,0,1,0,0,0,0
78.0,31.77,2,3,0.0,1.0,1.0,2.0,2.0,1.0,2.0,1.0,1.0,2.0,2,0,0,0,1,1,0,0,0,0,1,1,0,0,1.0,0,0,0,1,1,0,0,0,0,0,0
58.0,24.0,2,2,2.0,1.0,1.0,0.0,2.0,1.0,0.0,1.0,1.0,2.0,3,0,0,0,0,0,0,0,0,0,0,1,0,1,0.0,0,0,1,0,1,0,0,0,0,0,0
33.0,21.78,2,3,2.0,1.0,0.0,2.0,0.0,1.0,1.0,1.0,1.0,2.0,2,0,0,0,0,0,0,0,0,0,0,0,0,0,0.0,1,1,0,0,0,0,0,0,1,0,0
52.0,29.84,1,1,0.0,1.0,1.0,2.0,1.0,1.0,0.0,1.0,1.0,2.0,2,0,0,0,0,0,1,0,0,0,0,0,0,0,0.0,1,1,0,0,0,0,0,0,1,0,0
70.0,20.87,2,3,1.0,0.0,1.0,1.0,2.0,1.0,0.0,1.0,1.0,1.0,4,0,0,0,0,0,1,0,0,0,0,0,1,0,0.0,0,0,1,0,0,0,1,0,0,0,0
67.0,21.75,1,1,2.0,0.0,1.0,2.0,2.0,1.0,1.0,1.0,1.0,2.0,4,0,0,0,0,0,0,0,0,0,0,0,1,0,0.0,1,0,0,1,0,0,1,0,0,0,0
48.0,23.6,2,3,2.0,0.0,1.0,2.0,2.0,1.0,0.0,1.0,1.0,1.0,4,0,0,0,1,1,1,0,0,0,0,0,0,1,0.0,0,0,1,0,1,0,0,0,0,0,0
82.0,27.28,3,2,1.0,2.0,1.0,2.0,2.0,1.0,0.0,1.0,1.0,1.0,4,0,0,0,1,1,0,0,0,0,0,0,0,0,1.0,1,1,0,0,0,0,0,0,0,0,1
75.0,30.87,2,3,1.0,1.0,1.0,2.0,2.0,1.0,0.0,1.0,1.0,2.0,3,0,0,0,0,0,1,0,0,0,0,0,0,0,1.0,0,0,0,1,0,0,0,0,1,0,0
64.0,28.22,3,1,0.0,1.0,2.0,2.0,2.0,1.0,0.0,1.0,1.0,2.0,4,0,0,0,0,0,1,0,0,0,0,0,0,1,0.0,0,0,1,0,0,0,0,0,1,0,0
72.0,20.99,1,2,0.0,2.0,2.0,2.0,1.0,1.0,2.0,1.0,1.0,2.0,4,0,0,0,0,0,0,0,0,0,0,0,1,0,0.0,0,0,0,1,0,0,0,0,1,0,0
60.0,24.62,1,2,2.0,0.0,1.0,0.0,2.0,1.0,2.0,1.0,1.0,1.0,4,0,0,0,0,0,0,0,0,0,0,0,0,0,0.0,1,0,1,0,0,0,1,0,0,0,0
55.0,24.03,2,3,2.0,2.0,1.0,2.0,1.0,1.0,2.0,1.0,1.0,0.0,4,0,0,0,0,0,0,0,0,0,0,0,0,1,1.0,0,1,0,0,0,0,0,0,0,1,0
58.0,26.01,2,1,2.0,1.0,1.0,2.0,1.0,1.0,2.0,1.0,1.0,1.0,4,0,0,0,0,0,0,0,0,0,0,0,0,1,0.0,0,0,1,0,0,0,0,0,1,0,0
61.0,31.43,1,2,0.0,1.0,2.0,2.0,1.0,1.0,0.0,1.0,1.0,0.0,4,0,0,0,0,0,1,0,0,0,0,0,1,1,0.0,1,0,1,0,0,0,0,0,0,0,1
38.0,19.95,2,3,0.0,2.0,0.0,2.0,1.0,1.0,2.0,1.0,1.0,1.0,4,0,0,0,0,0,0,0,0,0,0,0,0,0,1.0,1,1,0,0,0,0,1,0,0,0,0
43.0,27.31,1,3,0.0,1.0,2.0,2.0,1.0,1.0,2.0,1.0,1.0,2.0,4,0,0,0,0,0,0,0,0,0,0,0,1,1,0.0,1,0,1,0,0,0,1,0,0,0,0
77.0,20.22,1,1,0.0,0.0,2.0,1.0,2.0,1.0,1.0,1.0,1.0,2.0,2,0,0,0,1,0,0,0,0,1,0,0,1,0,0.0,1,0,0,1,0,0,0,0,1,0,0
67.0,25.94,2,1,0.0,1.0,1.0,2.0,1.0,1.0,0.0,1.0,1.0,1.0,2,0,0,0,0,1,1,0,0,0,0,0,0,1,0.0,1,0,1,0,0,0,0,0,0,0,1
79.0,20.35,2,2,2.0,2.0,2.0,2.0,1.0,1.0,0.0,1.0,1.0,0.0,2,0,0,0,0,0,1,0,0,0,1,0,0,0,1.0,1,1,0,0,0,0,0,0,0,0,1
73.0,24.74,1,2,0.0,1.0,2.0,2.0,1.0,1.0,0.0,1.0,1.0,2.0,3,0,0,0,1,1,1,0,0,0,1,0,1,0,0.0,0,0,1,0,0,0,1,0,0,0,0
77.0,27.07,1,2,1.0,2.0,2.0,2.0,2.0,1.0,0.0,1.0,1.0,0.0,4,0,0,0,1,1,1,0,0,0,1,0,1,0,0.0,0,0,1,0,0,0,0,0,0,0,1
66.0,26.01,2,3,0.0,2.0,0.0,2.0,2.0,1.0,0.0,1.0,1.0,2.0,4,0,1,0,0,0,0,0,0,0,0,0,0,0,0.0,0,0,1,0,0,0,0,0,1,0,0
72.0,23.8,2,3,0.0,1.0,1.0,2.0,2.0,1.0,2.0,1.0,1.0,1.0,2,0,0,0,0,0,0,0,0,0,0,0,1,0,0.0,0,0,1,0,0,0,0,0,0,0,1
64.0,27.98,1,2,0.0,2.0,2.0,2.0,0.0,1.0,2.0,1.0,1.0,2.0,4,0,0,0,0,1,0,0,0,0,0,0,1,0,0.0,1,0,0,1,0,0,1,0,0,0,0
79.0,31.19,2,3,1.0,2.0,1.0,2.0,1.0,1.0,2.0,1.0,1.0,2.0,2,0,1,0,1,0,1,0,0,0,0,0,1,0,1.0,0,0,1,0,0,0,1,0,0,0,0
77.0,25.72,2,3,2.0,0.0,0.0,2.0,1.0,1.0,0.0,1.0,1.0,1.0,2,0,0,0,1,1,1,0,0,0,0,0,0,1,0.0,0,0,1,0,1,0,0,0,0,0,0
73.0,33.2,3,3,2.0,0.0,2.0,1.0,2.0,1.0,2.0,1.0,1.0,2.0,4,0,0,0,1,0,0,0,0,0,1,0,0,0,0.0,1,0,0,1,0,0,1,0,0,0,0
56.0,26.16,3,1,2.0,1.0,1.0,1.0,1.0,1.0,0.0,1.0,1.0,2.0,1,0,0,0,0,0,1,0,0,0,0,0,1,1,0.0,0,1,0,0,0,1,0,0,0,0,0
54.0,21.34,2,2,0.0,2.0,0.0,1.0,1.0,1.0,0.0,1.0,1.0,2.0,3,0,0,0,0,0,1,0,0,0,0,0,0,0,0.0,0,0,1,0,0,0,0,0,1,0,0
77.0,28.62,1,3,0.0,1.0,2.0,2.0,2.0,1.0,1.0,1.0,1.0,0.0,3,0,0,0,1,0,1,0,0,0,0,0,1,0,0.0,0,0,1,0,1,0,0,0,0,0,0
53.0,22.07,2,1,0.0,1.0,2.0,0.0,1.0,1.0,0.0,1.0,1.0,1.0,4,0,0,0,0,0,0,1,0,0,0,0,0,1,1.0,1,0,1,0,0,0,0,0,0,0,1
63.0,26.2,2,2,2.0,1.0,1.0,2.0,2.0,1.0,1.0,1.0,1.0,0.0,4,0,0,0,0,0,0,0,0,0,1,0,0,1,1.0,1,0,1,0,0,0,0,0,1,0,0
71.0,26.3,2,1,2.0,2.0,1.0,0.0,2.0,1.0,2.0,1.0,1.0,2.0,3,0,0,0,1,1,1,0,0,0,1,0,0,1,0.0,0,0,1,0,0,0,0,1,0,0,0
71.0,25.87,2,3,0.0,1.0,2.0,2.0,1.0,1.0,0.0,1.0,1.0,1.0,4,0,1,0,0,0,0,0,0,0,0,0,0,0,1.0,0,0,1,0,0,0,0,0,0,0,1
63.0,23.74,1,3,0.0,1.0,2.0,2.0,2.0,1.0,0.0,1.0,1.0,2.0,3,0,1,0,0,0,0,0,0,0,1,0,1,1,0.0,0,0,1,0,0,0,0,0,0,0,1
72.0,25.96,2,3,2.0,1.0,2.0,2.0,2.0,1.0,0.0,1.0,1.0,0.0,3,0,0,0,0,1,1,0,0,0,1,0,0,1,1.0,0,0,1,0,0,0,0,0,0,0,1
72.0,35.94,3,2,2.0,1.0,1.0,2.0,1.0,1.0,1.0,1.0,1.0,2.0,3,0,0,0,1,1,0,0,0,0,1,0,0,0,1.0,0,0,1,0,0,0,1,0,0,0,0
74.0,29.65,1,1,2.0,2.0,2.0,2.0,2.0,1.0,0.0,1.0,1.0,2.0,3,0,1,0,0,0,0,1,0,0,0,0,0,1,0.0,1,1,0,0,0,0,1,0,0,0,0
63.0,20.84,2,2,2.0,1.0,1.0,2.0,1.0,1.0,0.0,1.0,1.0,1.0,3,0,1,0,0,0,1,0,0,1,0,0,1,0,0.0,0,1,0,0,0,0,1,0,0,0,0
63.0,23.95,1,3,2.0,1.0,1.0,2.0,1.0,1.0,1.0,1.0,1.0,1.0,3,0,0,0,0,1,0,0,0,0,0,0,0,1,0.0,0,0,0,1,0,0,0,0,0,0,1
58.0,23.88,2,3,1.0,0.0,2.0,2.0,0.0,1.0,0.0,1.0,1.0,2.0,3,0,0,0,1,0,0,0,0,0,0,0,0,0,1.0,1,1,0,0,0,0,0,1,0,0,0
58.0,23.91,2,2,1.0,2.0,1.0,2.0,1.0,1.0,1.0,1.0,1.0,2.0,4,0,0,0,1,1,1,0,0,0,0,0,1,0,1.0,1,0,1,0,0,0,0,0,1,0,0
76.0,33.15,2,2,0.0,0.0,2.0,1.0,1.0,1.0,1.0,1.0,1.0,0.0,3,0,0,0,0,0,1,0,0,0,0,0,0,1,0.0,0,0,0,1,0,0,0,0,0,0,1
64.0,29.74,3,2,1.0,1.0,0.0,2.0,2.0,1.0,2.0,1.0,1.0,0.0,3,0,0,0,1,0,1,0,0,0,1,0,1,0,0.0,0,0,1,0,0,0,1,0,0,0,0
56.0,20.22,1,2,0.0,1.0,2.0,2.0,2.0,1.0,2.0,1.0,1.0,2.0,4,0,0,0,0,0,0,0,0,0,0,0,0,0,0.0,0,0,0,1,0,0,1,0,0,0,0
78.0,27.41,2,2,0.0,1.0,2.0,2.0,2.0,1.0,0.0,1.0,1.0,2.0,3,0,0,0,0,0,1,0,0,0,0,0,1,0,0.0,0,0,1,0,0,0,0,0,1,0,0
71.0,22.04,2,2,2.0,2.0,1.0,1.0,1.0,1.0,2.0,1.0,1.0,2.0,4,0,0,0,0,0,0,0,0,0,0,0,0,0,0.0,0,0,0,1,0,0,0,0,1,0,0
68.0,23.27,1,2,0.0,2.0,1.0,2.0,2.0,1.0,0.0,1.0,1.0,1.0,2,0,0,0,0,0,1,0,0,1,0,0,1,1,1.0,0,0,0,1,0,0,0,0,0,0,1
68.0,25.64,2,3,0.0,1.0,1.0,1.0,1.0,1.0,2.0,1.0,1.0,1.0,4,0,0,0,1,0,1,0,0,0,0,0,0,0,0.0,0,0,1,0,1,0,0,0,0,0,0
67.0,26.61,3,2,2.0,2.0,2.0,2.0,1.0,1.0,1.0,1.0,1.0,2.0,4,0,0,0,1,0,0,0,0,0,0,1,0,1,0.0,0,0,1,0,0,0,1,0,0,0,0
55.0,29.3,1,2,1.0,1.0,1.0,2.0,2.0,1.0,0.0,1.0,1.0,1.0,4,0,0,0,0,1,1,0,0,0,0,0,1,1,1.0,0,0,1,0,0,0,1,0,0,0,0
85.0,21.23,2,1,0.0,1.0,1.0,2.0,1.0,1.0,0.0,1.0,1.0,2.0,4,0,0,0,1,0,0,0,0,0,0,1,0,0,0.0,1,1,0,0,0,0,1,0,0,0,0
76.0,19.91,1,2,1.0,1.0,2.0,0.0,1.0,1.0,2.0,1.0,1.0,1.0,4,0,0,0,0,0,0,0,0,0,0,0,0,0,0.0,0,0,0,1,0,0,0,0,0,0,1
59.0,18.95,1,2,0.0,0.0,1.0,2.0,1.0,1.0,2.0,1.0,1.0,2.0,1,0,0,0,0,0,1,0,0,0,0,0,1,1,0.0,0,0,0,1,0,0,0,0,1,0,0
53.0,25.21,2,3,2.0,2.0,2.0,2.0,2.0,1.0,2.0,1.0,1.0,1.0,4,0,0,0,1,0,0,0,0,0,0,0,0,1,1.0,1,1,0,0,0,0,0,0,0,0,1
44.0,22.05,2,3,1.0,1.0,2.0,2.0,1.0,1.0,0.0,1.0,1.0,2.0,4,0,0,0,1,0,1,0,0,0,0,0,0,1,1.0,0,0,1,0,0,0,1,0,0,0,0
64.0,21.13,1,2,0.0,2.0,2.0,0.0,1.0,1.0,2.0,1.0,1.0,0.0,4,0,1,0,0,0,0,0,0,1,0,0,0,0,1.0,0,0,0,1,0,0,0,1,0,0,0
60.0,24.48,2,1,0.0,0.0,2.0,2.0,1.0,1.0,0.0,1.0,1.0,0.0,3,0,0,0,0,1,0,0,0,0,0,0,0,1,0.0,1,1,0,0,0,0,0,0,0,0,1
81.0,20.9,1,2,0.0,1.0,2.0,2.0,1.0,1.0,2.0,1.0,1.0,0.0,1,0,0,0,0,0,1,0,0,1,0,1,1,0,0.0,0,0,1,0,0,0,1,0,0,0,0
67.0,22.79,1,2,2.0,2.0,2.0,2.0,2.0,1.0,1.0,1.0,1.0,1.0,3,0,0,0,0,0,1,0,0,0,0,0,0,0,0.0,0,0,0,1,1,0,0,0,0,0,0
75.0,28.09,2,1,0.0,2.0,2.0,2.0,1.0,1.0,1.0,1.0,1.0,1.0,3,0,0,0,0,0,1,0,0,0,0,0,1,0,0.0,0,0,1,0,0,0,1,0,0,0,0
72.0,24.79,2,2,2.0,1.0,2.0,2.0,2.0,1.0,1.0,1.0,1.0,0.0,4,0,0,0,1,0,0,0,0,0,0,1,1,0,0.0,0,0,1,0,0,0,1,0,0,0,0
50.0,24.71,2,3,0.0,0.0,2.0,2.0,1.0,1.0,2.0,1.0,1.0,2.0,4,0,0,0,0,0,0,0,0,0,0,0,0,1,0.0,0,0,1,0,0,0,1,0,0,0,0
76.0,17.43,3,1,0.0,1.0,2.0,2.0,1.0,1.0,0.0,1.0,1.0,2.0,3,0,0,0,0,0,1,0,0,1,1,0,0,0,0.0,0,0,0,1,0,0,0,0,0,0,1
66.0,28.09,2,2,0.0,2.0,1.0,2.0,2.0,1.0,0.0,1.0,1.0,1.0,4,0,0,0,0,0,0,0,0,0,0,0,0,1,1.0,0,0,1,0,0,0,0,0,1,0,0
66.0,24.08,2,3,0.0,1.0,1.0,2.0,1.0,1.0,2.0,1.0,1.0,1.0,4,0,1,0,0,0,1,0,0,0,0,0,0,1,0.0,1,1,0,0,0,0,0,1,0,0,0
69.0,29.07,2,1,0.0,1.0,2.0,2.0,1.0,1.0,0.0,1.0,1.0,2.0,4,0,0,0,1,0,0,0,0,0,0,0,1,1,0.0,1,0,1,0,0,0,1,0,0,0,0
74.0,24.43,2,1,2.0,0.0,1.0,2.0,1.0,1.0,1.0,1.0,1.0,0.0,4,0,0,0,1,0,1,1,0,0,1,0,0,0,1.0,0,0,1,0,0,0,0,1,0,0,0
67.0,21.89,2,1,0.0,2.0,2.0,2.0,2.0,1.0,2.0,1.0,1.0,2.0,3,0,0,0,0,0,0,0,0,0,1,0,0,1,1.0,0,0,1,0,0,0,0,0,0,0,1
67.0,24.84,1,3,0.0,2.0,2.0,2.0,2.0,1.0,2.0,1.0,1.0,2.0,4,0,0,0,0,0,1,0,0,0,0,0,0,0,0.0,0,0,0,1,0,0,0,1,0,0,0
65.0,25.29,1,1,1.0,2.0,1.0,1.0,1.0,1.0,0.0,1.0,1.0,2.0,4,0,0,0,1,0,0,0,0,0,0,0,1,1,0.0,0,0,1,0,0,0,1,0,0,0,0
70.0,31.0,2,3,0.0,1.0,2.0,0.0,2.0,1.0,0.0,1.0,1.0,2.0,4,0,1,0,0,0,0,0,0,0,0,1,0,0,0.0,0,1,0,0,0,0,1,0,0,0,0
57.0,22.61,2,3,0.0,1.0,2.0,2.0,2.0,1.0,1.0,1.0,1.0,0.0,3,0,0,0,1,0,0,0,0,0,0,0,0,0,0.0,1,0,0,1,0,0,0,0,0,0,1
66.0,19.48,1,1,0.0,1.0,2.0,2.0,1.0,1.0,0.0,1.0,1.0,0.0,3,0,0,0,1,0,0,0,0,0,0,0,1,0,0.0,0,0,0,1,0,0,1,0,0,0,0
65.0,20.0,1,2,2.0,2.0,2.0,0.0,2.0,1.0,2.0,1.0,1.0,1.0,4,0,0,0,0,0,0,0,0,0,0,0,0,0,0.0,0,0,1,0,0,0,0,0,1,0,0
78.0,28.55,1,2,2.0,0.0,2.0,2.0,1.0,1.0,2.0,1.0,1.0,1.0,4,0,0,0,1,0,1,0,0,1,0,0,1,0,0.0,0,1,0,0,0,0,0,0,0,1,0
49.0,21.11,2,2,1.0,2.0,2.0,1.0,2.0,1.0,0.0,1.0,1.0,1.0,4,0,0,0,0,0,0,0,0,0,0,0,0,1,1.0,1,1,0,0,0,0,0,0,0,0,1
53.0,18.39,1,3,0.0,1.0,0.0,2.0,1.0,1.0,1.0,1.0,1.0,1.0,4,0,0,0,0,1,1,0,0,0,0,0,0,0,0.0,0,0,1,0,0,0,1,0,0,0,0
60.0,26.12,2,2,2.0,1.0,1.0,2.0,2.0,1.0,0.0,1.0,1.0,2.0,3,0,0,0,1,0,0,0,0,0,0,0,1,1,0.0,1,0,0,1,1,0,0,0,0,0,0
73.0,28.95,2,1,1.0,1.0,2.0,0.0,2.0,1.0,2.0,1.0,1.0,0.0,4,0,0,0,1,0,0,0,0,0,0,0,0,0,0.0,1,0,0,1,0,0,0,1,0,0,0
57.0,27.45,1,2,0.0,1.0,0.0,2.0,2.0,1.0,2.0,1.0,1.0,2.0,2,0,1,0,0,0,0,0,0,0,0,1,0,1,1.0,0,0,0,1,0,0,1,0,0,0,0
54.0,22.64,1,2,2.0,1.0,1.0,2.0,2.0,1.0,1.0,1.0,1.0,0.0,4,0,0,0,1,0,0,0,0,0,0,0,0,1,0.0,1,0,1,0,0,0,0,1,0,0,0
79.0,39.74,2,3,2.0,1.0,2.0,2.0,1.0,1.0,1.0,1.0,1.0,0.0,4,0,0,0,1,1,1,0,0,0,0,0,0,0,0.0,0,0,0,1,0,0,1,0,0,0,0
66.0,27.18,2,2,0.0,2.0,2.0,2.0,2.0,1.0,2.0,1.0,1.0,0.0,4,0,0,0,1,1,0,0,0,0,0,0,1,0,1.0,0,0,0,1,0,0,0,0,0,0,1
65.0,20.27,1,2,0.0,1.0,2.0,2.0,1.0,1.0,0.0,1.0,1.0,2.0,4,0,0,0,0,1,0,0,0,0,1,0,0,1,1.0,1,0,1,0,0,0,0,0,0,0,1
62.0,24.52,1,1,2.0,1.0,2.0,2.0,2.0,1.0,0.0,1.0,1.0,0.0,4,0,0,0,0,0,0,0,0,0,0,0,0,0,0.0,1,0,1,0,0,0,0,0,0,0,1
79.0,32.73,1,2,0.0,2.0,2.0,2.0,2.0,1.0,2.0,1.0,1.0,1.0,3,0,0,0,1,1,1,0,0,0,0,0,1,0,0.0,1,0,1,0,0,0,0,0,1,0,0
78.0,24.81,1,3,0.0,1.0,2.0,0.0,2.0,1.0,2.0,1.0,1.0,1.0,4,0,0,0,1,0,0,0,0,0,0,0,0,0,1.0,0,0,0,1,0,0,1,0,0,0,0
78.0,26.12,2,3,1.0,2.0,2.0,2.0,2.0,1.0,0.0,1.0,1.0,1.0,2,0,0,0,1,0,1,0,0,0,0,0,1,0,0.0,1,0,0,1,0,0,1,0,0,0,0
35.0,22.65,2,2,0.0,1.0,2.0,2.0,1.0,1.0,1.0,1.0,1.0,1.0,4,0,0,0,0,0,1,0,0,0,0,0,0,0,0.0,0,0,0,1,0,0,0,0,1,0,0
76.0,32.15,1,3,0.0,0.0,2.0,2.0,2.0,1.0,0.0,1.0,1.0,2.0,1,0,0,0,0,1,1,0,0,0,0,0,0,1,0.0,1,0,0,1,0,0,0,0,0,0,1
48.0,19.41,2,1,0.0,1.0,2.0,1.0,0.0,1.0,0.0,1.0,1.0,0.0,4,0,0,0,0,0,1,0,0,0,1,0,1,0,1.0,1,1,0,0,0,0,1,0,0,0,0
65.0,26.85,1,1,2.0,1.0,2.0,2.0,1.0,1.0,0.0,1.0,1.0,0.0,4,0,1,0,0,0,1,0,0,0,0,0,1,0,1.0,0,0,0,1,0,0,0,0,0,0,1
84.0,31.73,1,2,2.0,2.0,0.0,2.0,2.0,1.0,0.0,1.0,1.0,1.0,3,0,0,0,1,1,1,0,0,0,0,0,0,1,0.0,0,0,1,0,0,0,0,1,0,0,0
81.0,25.06,2,1,1.0,2.0,2.0,2.0,1.0,1.0,2.0,1.0,1.0,1.0,4,0,0,0,1,0,0,0,0,0,0,0,0,0,0.0,1,0,1,0,0,0,1,0,0,0,0
60.0,25.31,2,2,2.0,0.0,1.0,2.0,1.0,1.0,0.0,1.0,1.0,1.0,4,0,0,0,0,0,1,0,0,0,0,0,0,1,0.0,1,0,0,1,0,0,0,0,0,0,1
49.0,23.94,1,3,1.0,2.0,0.0,2.0,1.0,1.0,1.0,1.0,1.0,2.0,3,0,0,0,0,0,1,0,0,0,0,0,0,1,1.0,0,0,1,0,0,0,1,0,0,0,0
62.0,25.49,2,3,2.0,0.0,1.0,2.0,1.0,1.0,1.0,1.0,1.0,2.0,3,0,0,0,1,0,1,0,0,0,0,0,0,0,0.0,0,0,0,1,0,0,0,0,1,0,0
82.0,31.37,1,1,1.0,1.0,2.0,2.0,1.0,1.0,2.0,1.0,1.0,2.0,3,0,1,0,1,0,1,0,0,0,0,0,0,0,0.0,1,0,0,1,0,0,1,0,0,0,0
65.0,26.9,2,2,0.0,0.0,1.0,2.0,1.0,1.0,1.0,1.0,1.0,0.0,4,0,0,0,0,0,1,0,0,0,0,0,0,0,0.0,0,0,1,0,0,0,0,0,1,0,0
59.0,28.22,1,3,0.0,2.0,1.0,2.0,2.0,1.0,0.0,1.0,1.0,2.0,3,0,1,0,1,0,0,0,0,0,1,0,1,1,1.0,1,0,1,0,1,0,0,0,0,0,0
55.0,20.62,1,3,0.0,0.0,1.0,2.0,1.0,1.0,2.0,1.0,1.0,1.0,4,0,0,0,0,0,1,0,0,0,0,0,1,0,0.0,0,0,1,0,0,0,0,0,0,0,1
64.0,24.16,1,3,2.0,2.0,1.0,1.0,2.0,1.0,2.0,1.0,1.0,0.0,3,0,0,0,1,0,0,0,0,0,0,0,1,0,0.0,0,0,1,0,0,0,0,0,1,0,0
53.0,26.32,1,2,0.0,1.0,2.0,2.0,2.0,1.0,0.0,1.0,1.0,2.0,4,0,0,0,0,0,1,0,0,0,0,0,0,0,0.0,0,0,1,0,0,0,0,0,0,0,1
76.0,30.57,2,2,2.0,2.0,1.0,2.0,1.0,1.0,1.0,1.0,1.0,1.0,4,0,0,0,0,1,1,0,0,1,0,0,0,1,0.0,0,0,1,0,0,0,1,0,0,0,0
68.0,26.23,1,2,0.0,0.0,2.0,2.0,1.0,1.0,1.0,1.0,1.0,2.0,2,0,0,0,0,0,0,0,0,0,0,1,0,0,0.0,0,1,0,0,0,0,1,0,0,0,0
65.0,19.76,2,3,2.0,2.0,2.0,2.0,2.0,1.0,2.0,1.0,1.0,2.0,1,0,0,0,1,0,0,0,0,0,1,0,0,1,0.0,1,0,0,1,1,0,0,0,0,0,0
62.0,21.2,1,3,2.0,0.0,1.0,0.0,2.0,1.0,0.0,1.0,1.0,0.0,4,0,0,0,0,1,1,0,0,0,0,0,0,0,0.0,0,0,1,0,0,0,0,0,0,0,1
72.0,31.24,1,2,0.0,0.0,2.0,2.0,1.0,1.0,2.0,1.0,1.0,2.0,2,0,0,0,1,0,1,0,0,1,0,0,1,0,0.0,0,1,0,0,0,0,0,0,0,1,0
72.0,30.69,2,3,0.0,2.0,1.0,2.0,2.0,1.0,1.0,1.0,1.0,2.0,4,0,0,0,1,0,0,0,0,1,0,0,1,0,0.0,0,0,1,0,0,0,0,0,0,1,0
49.0,26.08,1,2,1.0,2.0,2.0,2.0,2.0,1.0,0.0,1.0,1.0,0.0,4,0,1,0,0,1,1,0,0,0,0,0,1,0,1.0,1,0,0,1,0,0,0,0,0,0,1
68.0,25.67,2,2,0.0,2.0,2.0,0.0,2.0,1.0,2.0,1.0,1.0,0.0,4,0,0,0,1,1,0,0,0,0,0,0,0,0,1.0,1,0,0,1,0,0,1,0,0,0,0
72.0,26.69,2,3,2.0,2.0,1.0,2.0,2.0,1.0,2.0,1.0,1.0,2.0,4,0,0,0,1,1,1,0,0,0,1,0,0,1,0.0,1,0,1,0,0,0,0,1,0,0,0
63.0,25.72,1,3,1.0,2.0,0.0,2.0,1.0,1.0,2.0,1.0,1.0,1.0,4,0,0,0,1,1,1,0,0,0,0,0,0,1,0.0,0,0,1,0,0,0,1,0,0,0,0
74.0,34.24,2,3,2.0,2.0,1.0,2.0,2.0,1.0,0.0,1.0,1.0,1.0,2,0,0,0,0,0,0,0,0,0,0,0,1,0,0.0,1,0,0,1,0,0,0,0,0,0,1
71.0,21.3,2,3,0.0,2.0,2.0,2.0,2.0,1.0,2.0,1.0,1.0,1.0,4,0,0,0,1,1,0,0,0,0,0,0,0,0,0.0,0,1,0,0,0,0,0,0,0,0,1
47.0,18.18,2,2,2.0,0.0,2.0,2.0,1.0,1.0,2.0,1.0,1.0,1.0,2,0,0,0,0,0,1,0,0,0,0,0,1,0,1.0,1,0,0,1,0,0,0,0,0,0,1
58.0,20.01,1,2,2.0,0.0,2.0,2.0,2.0,1.0,0.0,1.0,1.0,1.0,3,0,0,0,0,1,0,0,0,0,0,0,0,0,0.0,0,1,0,0,0,0,1,0,0,0,0
56.0,23.22,1,2,1.0,1.0,1.0,2.0,2.0,1.0,2.0,1.0,1.0,0.0,4,0,0,0,0,0,1,0,0,1,0,0,0,0,0.0,0,0,0,1,0,0,1,0,0,0,0
74.0,21.2,3,1,0.0,2.0,2.0,0.0,1.0,1.0,0.0,1.0,1.0,2.0,4,0,0,0,1,0,1,0,0,0,0,1,0,0,0.0,1,1,0,0,0,0,0,0,1,0,0
63.0,24.63,2,1,0.0,2.0,1.0,2.0,2.0,1.0,0.0,1.0,1.0,0.0,3,0,0,0,0,0,0,0,0,0,1,0,0,1,1.0,1,1,0,0,0,0,0,0,0,0,1
56.0,23.73,2,2,1.0,0.0,1.0,2.0,1.0,1.0,1.0,1.0,1.0,0.0,3,0,0,0,0,0,0,0,0,0,0,0,0,0,0.0,1,0,0,1,0,0,1,0,0,0,0
67.0,32.75,2,1,2.0,1.0,1.0,2.0,2.0,1.0,0.0,1.0,1.0,2.0,4,0,0,0,0,0,0,0,0,0,0,0,1,0,0.0,0,1,0,0,0,0,0,1,0,0,0
72.0,31.62,1,3,0.0,2.0,2.0,2.0,2.0,1.0,2.0,1.0,1.0,0.0,4,0,0,0,1,0,1,0,0,0,0,1,0,1,1.0,0,0,0,1,1,0,0,0,0,0,0
72.0,21.06,1,2,1.0,1.0,1.0,2.0,2.0,1.0,1.0,1.0,1.0,1.0,3,0,0,0,0,0,1,0,0,0,0,0,1,1,0.0,0,0,1,0,0,0,1,0,0,0,0
63.0,37.68,2,1,0.0,1.0,0.0,2.0,2.0,1.0,1.0,1.0,1.0,1.0,4,0,0,0,0,0,1,0,0,0,0,0,0,0,0.0,0,0,1,0,0,1,0,0,0,0,0
69.0,24.31,2,3,1.0,1.0,2.0,2.0,2.0,1.0,0.0,1.0,1.0,2.0,3,0,0,0,1,0,1,0,0,0,0,0,0,1,0.0,0,0,0,1,0,0,0,0,1,0,0
73.0,26.48,2,2,1.0,1.0,1.0,2.0,1.0,1.0,1.0,1.0,1.0,2.0,3,0,0,0,1,0,1,0,0,0,0,0,1,1,0.0,0,0,0,1,0,0,0,1,0,0,0
66.0,22.72,1,2,2.0,2.0,2.0,2.0,2.0,1.0,2.0,1.0,1.0,0.0,3,0,0,0,1,0,0,0,0,0,0,0,1,1,0.0,0,0,0,1,0,0,0,0,0,0,1
77.0,25.34,2,3,2.0,2.0,0.0,2.0,2.0,1.0,1.0,1.0,1.0,0.0,4,0,1,1,0,1,0,0,0,1,0,0,0,0,0.0,0,1,0,0,0,0,0,0,1,0,0
72.0,27.48,1,2,0.0,2.0,2.0,2.0,2.0,1.0,0.0,1.0,1.0,0.0,4,0,0,0,0,0,1,0,0,0,0,0,1,0,0.0,0,0,1,0,0,0,0,0,0,0,1
57.0,25.2,1,2,2.0,2.0,2.0,2.0,2.0,1.0,0.0,1.0,1.0,2.0,2,1,0,0,1,0,0,0,0,0,0,0,0,1,0.0,1,0,0,1,0,0,0,1,0,0,0
70.0,24.36,1,2,0.0,0.0,2.0,2.0,2.0,1.0,0.0,1.0,1.0,2.0,4,0,0,0,1,0,0,0,0,0,0,0,0,1,1.0,0,1,0,0,0,0,0,0,0,0,1
44.0,34.87,1,1,1.0,1.0,2.0,2.0,2.0,1.0,0.0,1.0,1.0,1.0,4,0,0,0,0,0,0,0,0,0,0,0,0,1,0.0,0,1,0,0,0,0,0,1,0,0,0
66.0,29.1,1,2,0.0,0.0,2.0,2.0,1.0,1.0,2.0,1.0,1.0,2.0,3,0,0,0,1,0,1,0,0,0,0,0,1,0,1.0,1,0,0,1,0,0,0,0,0,0,1
76.0,19.32,1,2,1.0,1.0,2.0,1.0,2.0,1.0,0.0,1.0,1.0,1.0,4,0,0,0,1,0,0,0,0,1,0,0,0,1,0.0,0,0,0,1,0,0,0,0,0,0,1
63.0,22.98,1,1,0.0,1.0,2.0,1.0,2.0,1.0,2.0,1.0,1.0,1.0,2,0,0,0,1,0,1,0,0,0,0,0,1,1,1.0,1,0,0,1,0,0,0,0,0,0,1
70.0,25.16,2,3,2.0,1.0,0.0,2.0,1.0,1.0,1.0,1.0,1.0,0.0,2,0,0,0,0,0,1,0,0,0,0,0,0,0,0.0,0,0,0,1,0,0,0,0,0,0,1
69.0,22.89,2,1,0.0,2.0,2.0,2.0,1.0,1.0,2.0,1.0,1.0,2.0,1,0,1,1,1,0,1,0,0,0,0,0,1,0,1.0,1,0,1,0,0,0,0,0,1,0,0
75.0,26.93,2,2,2.0,1.0,1.0,1.0,1.0,1.0,0.0,1.0,1.0,1.0,4,0,0,0,0,0,0,0,0,0,0,0,0,1,0.0,0,1,0,0,0,0,0,1,0,0,0
52.0,22.32,2,2,0.0,1.0,2.0,2.0,2.0,1.0,0.0,1.0,1.0,1.0,3,0,0,0,0,0,0,0,0,0,1,0,0,1,0.0,1,0,0,1,0,0,0,1,0,0,0
72.0,20.23,1,1,0.0,1.0,2.0,2.0,1.0,1.0,1.0,1.0,1.0,2.0,3,0,0,0,0,0,0,0,0,0,0,0,0,0,0.0,0,1,0,0,0,0,1,0,0,0,0
48.0,21.62,1,3,2.0,1.0,0.0,2.0,2.0,1.0,1.0,1.0,1.0,1.0,2,0,0,0,1,0,1,0,0,0,0,0,1,1,0.0,0,1,0,0,0,0,0,0,0,0,1
61.0,19.17,2,2,1.0,1.0,1.0,0.0,2.0,1.0,1.0,1.0,1.0,1.0,4,0,0,0,1,1,0,0,0,0,0,0,0,1,0.0,1,0,0,1,0,0,0,1,0,0,0
51.0,24.08,3,2,0.0,2.0,1.0,1.0,2.0,1.0,2.0,1.0,1.0,1.0,1,0,0,0,0,0,0,0,0,0,0,0,1,0,1.0,0,1,0,0,0,0,0,1,0,0,0
80.0,23.51,2,1,2.0,1.0,2.0,1.0,1.0,1.0,1.0,1.0,1.0,2.0,4,0,0,0,1,0,0,0,0,0,0,0,0,1,1.0,0,0,1,0,1,0,0,0,0,0,0
59.0,22.42,1,3,0.0,1.0,2.0,2.0,1.0,1.0,2.0,1.0,1.0,2.0,2,0,0,0,0,0,0,0,0,1,1,0,0,1,0.0,0,0,1,0,1,0,0,0,0,0,0
65.0,23.33,2,1,0.0,2.0,1.0,2.0,1.0,1.0,1.0,1.0,1.0,2.0,4,0,0,0,0,0,0,0,0,0,0,0,0,1,0.0,0,0,1,0,0,0,0,0,0,0,1
74.0,21.35,2,2,0.0,2.0,1.0,2.0,0.0,1.0,0.0,1.0,1.0,2.0,4,0,1,0,0,0,0,0,0,0,1,0,1,0,0.0,0,1,0,0,1,0,0,0,0,0,0
51.0,22.59,2,2,2.0,1.0,2.0,2.0,2.0,1.0,0.0,1.0,1.0,1.0,4,0,0,0,0,0,1,0,0,0,0,0,0,1,1.0,0,0,0,1,1,0,0,0,0,0,0
63.0,25.41,2,3,0.0,2.0,1.0,2.0,1.0,1.0,0.0,1.0,1.0,1.0,4,0,0,0,1,0,1,0,0,0,0,0,0,1,0.0,0,0,1,0,0,0,0,0,1,0,0
58.0,34.24,2,1,0.0,1.0,2.0,1.0,1.0,1.0,0.0,1.0,1.0,1.0,4,0,0,0,0,0,0,1,0,0,0,0,0,1,1.0,0,0,1,0,0,0,1,0,0,0,0
55.0,22.02,3,2,1.0,0.0,0.0,2.0,2.0,1.0,0.0,1.0,1.0,1.0,3,0,0,0,1,1,1,0,0,1,0,0,1,1,0.0,1,0,1,0,0,0,0,0,1,0,0
64.0,25.1,1,1,1.0,1.0,1.0,2.0,2.0,1.0,0.0,1.0,1.0,1.0,4,0,0,0,0,1,0,0,0,0,0,0,0,0,0.0,1,1,0,0,1,0,0,0,0,0,0
62.0,20.98,3,3,1.0,2.0,2.0,1.0,2.0,1.0,2.0,1.0,1.0,0.0,4,0,0,0,0,0,0,0,0,0,0,0,0,0,0.0,1,0,0,1,0,0,0,0,0,0,1
66.0,21.73,2,3,0.0,0.0,2.0,2.0,1.0,1.0,2.0,1.0,1.0,2.0,4,0,0,0,0,0,0,0,0,1,0,0,0,1,0.0,0,0,1,0,0,0,0,0,0,0,1
66.0,20.3,3,3,1.0,1.0,1.0,2.0,1.0,1.0,0.0,1.0,1.0,2.0,3,0,0,0,1,1,0,0,0,0,0,0,0,1,1.0,0,0,1,0,0,0,0,0,0,0,1
42.0,20.36,1,3,2.0,2.0,2.0,2.0,2.0,1.0,2.0,1.0,1.0,2.0,3,0,0,0,0,0,1,0,0,0,0,0,0,0,1.0,0,0,1,0,0,0,1,0,0,0,0
73.0,31.29,2,2,0.0,0.0,0.0,2.0,2.0,1.0,0.0,1.0,1.0,1.0,2,0,0,0,1,1,1,0,0,0,1,0,1,0,0.0,1,0,1,0,0,0,0,0,0,0,1
52.0,28.02,2,3,2.0,0.0,2.0,2.0,2.0,1.0,1.0,1.0,1.0,2.0,4,0,0,0,1,1,0,0,0,0,1,0,0,0,1.0,0,0,1,0,0,0,0,0,0,0,1
78.0,25.77,2,3,0.0,2.0,1.0,2.0,0.0,1.0,0.0,1.0,1.0,2.0,3,0,1,0,0,0,0,0,0,0,0,0,0,1,0.0,1,0,0,1,0,0,0,0,0,0,1
78.0,22.13,1,1,2.0,2.0,1.0,2.0,1.0,1.0,2.0,1.0,1.0,2.0,3,0,0,0,1,0,1,0,0,0,0,0,0,0,0.0,0,0,1,0,0,0,0,0,1,0,0
84.0,19.94,1,3,1.0,2.0,2.0,2.0,2.0,1.0,0.0,1.0,1.0,2.0,3,0,0,0,1,0,1,0,0,0,1,0,0,0,0.0,0,1,0,0,0,0,1,0,0,0,0
69.0,32.54,2,2,2.0,0.0,1.0,2.0,2.0,1.0,0.0,1.0,1.0,2.0,2,0,0,0,0,1,1,0,0,0,0,0,1,0,0.0,1,0,0,1,0,0,0,0,0,0,1
32.0,26.18,1,2,0.0,0.0,0.0,0.0,2.0,1.0,2.0,1.0,1.0,2.0,3,0,0,0,0,0,1,0,0,0,1,1,0,1,0.0,1,0,1,0,0,0,0,0,1,0,0
60.0,21.34,1,2,2.0,2.0,2.0,2.0,0.0,1.0,0.0,1.0,1.0,2.0,3,0,0,0,0,0,0,0,0,0,0,1,1,1,1.0,1,0,0,1,0,0,1,0,0,0,0
67.0,18.45,2,2,2.0,1.0,2.0,2.0,1.0,1.0,0.0,1.0,1.0,1.0,3,0,1,0,0,0,1,0,0,0,0,1,0,1,0.0,1,0,0,1,0,0,0,1,0,0,0
70.0,32.32,1,2,0.0,0.0,1.0,2.0,1.0,1.0,2.0,1.0,1.0,2.0,2,0,0,0,1,1,1,0,0,0,0,0,0,0,0.0,1,0,0,1,0,0,0,0,0,1,0
74.0,28.43,1,2,1.0,1.0,2.0,2.0,1.0,1.0,2.0,1.0,1.0,1.0,3,0,0,0,1,0,0,0,0,0,0,0,1,1,0.0,0,0,0,1,0,0,0,1,0,0,0
70.0,30.94,2,1,0.0,0.0,0.0,2.0,1.0,1.0,1.0,1.0,1.0,2.0,3,0,0,0,1,1,0,0,0,0,1,0,0,1,1.0,0,0,1,0,0,0,0,0,0,0,1
76.0,17.42,1,2,2.0,0.0,2.0,2.0,1.0,1.0,0.0,1.0,1.0,0.0,1,0,0,0,1,0,0,0,0,1,0,0,0,0,0.0,1,0,0,1,0,0,0,1,0,0,0
63.0,28.58,1,2,0.0,0.0,2.0,2.0,1.0,1.0,2.0,1.0,1.0,2.0,3,0,0,0,1,0,0,0,0,0,0,0,1,0,1.0,1,1,0,0,0,0,1,0,0,0,0
77.0,30.14,1,3,0.0,0.0,2.0,2.0,2.0,1.0,0.0,1.0,1.0,2.0,3,0,1,0,1,0,1,0,0,1,0,0,0,0,1.0,1,0,0,1,0,0,0,1,0,0,0
62.0,33.83,2,2,0.0,0.0,2.0,2.0,2.0,1.0,2.0,1.0,1.0,2.0,2,0,0,0,1,0,0,0,0,0,0,0,1,1,0.0,0,0,1,0,0,0,0,0,1,0,0
73.0,18.71,2,2,2.0,2.0,2.0,1.0,2.0,1.0,2.0,1.0,1.0,2.0,2,0,0,0,1,0,0,0,0,0,1,0,0,1,0.0,1,0,0,1,0,0,0,0,0,0,1
64.0,27.4,1,2,1.0,1.0,0.0,2.0,1.0,1.0,0.0,1.0,1.0,2.0,3,0,0,0,1,0,1,0,0,0,0,0,1,1,0.0,0,0,0,1,0,0,0,0,1,0,0
71.0,26.34,2,2,0.0,1.0,1.0,2.0,1.0,1.0,2.0,1.0,1.0,0.0,4,0,0,0,1,0,1,0,0,1,0,0,0,0,0.0,0,1,0,0,0,0,0,1,0,0,0
70.0,25.37,1,3,2.0,1.0,2.0,2.0,2.0,1.0,2.0,1.0,1.0,0.0,3,0,0,0,1,0,0,0,0,0,0,0,0,1,1.0,1,0,0,1,0,0,0,1,0,0,0
78.0,22.23,3,1,2.0,2.0,1.0,2.0,1.0,1.0,2.0,1.0,1.0,2.0,4,0,1,0,0,0,0,0,0,0,0,0,0,1,1.0,0,1,0,0,0,0,0,1,0,0,0
58.0,22.38,1,2,2.0,1.0,0.0,0.0,1.0,1.0,0.0,1.0,1.0,1.0,4,0,0,0,0,0,0,0,0,0,1,0,1,1,0.0,0,0,1,0,0,0,0,0,0,0,1
52.0,21.09,2,1,1.0,0.0,1.0,2.0,2.0,1.0,1.0,1.0,1.0,1.0,2,0,0,0,0,0,1,0,0,0,0,0,1,1,0.0,1,0,1,0,0,0,0,0,0,0,1
61.0,28.09,2,2,0.0,2.0,1.0,2.0,1.0,1.0,2.0,1.0,1.0,2.0,3,0,0,0,0,0,0,0,0,0,0,0,1,1,0.0,1,1,0,0,0,0,0,0,0,0,1
76.0,18.81,2,2,2.0,2.0,1.0,0.0,2.0,1.0,1.0,1.0,1.0,0.0,3,0,0,0,1,0,0,0,0,0,0,0,0,0,0.0,0,0,0,1,0,0,1,0,0,0,0
59.0,21.65,1,2,0.0,1.0,2.0,2.0,1.0,1.0,1.0,1.0,1.0,0.0,4,0,0,0,0,0,0,0,0,0,0,1,0,1,0.0,1,0,0,1,0,0,0,0,0,0,1
68.0,26.75,1,2,2.0,1.0,1.0,2.0,1.0,1.0,2.0,1.0,1.0,1.0,3,0,0,0,0,0,0,0,0,0,0,0,0,1,0.0,0,0,1,0,0,0,0,1,0,0,0
47.0,24.55,2,1,2.0,1.0,2.0,2.0,2.0,1.0,0.0,1.0,1.0,1.0,2,0,1,0,1,1,0,0,0,0,0,0,0,1,0.0,1,1,0,0,0,0,0,1,0,0,0
70.0,20.74,2,3,0.0,1.0,1.0,0.0,2.0,1.0,0.0,1.0,1.0,0.0,4,0,0,0,1,1,1,0,0,0,0,0,1,1,0.0,1,0,0,1,1,0,0,0,0,0,0
64.0,20.56,2,3,2.0,2.0,2.0,2.0,1.0,1.0,0.0,1.0,1.0,2.0,4,0,0,0,0,1,0,0,0,0,0,0,0,0,0.0,0,0,1,0,0,0,1,0,0,0,0
63.0,22.96,1,2,2.0,1.0,2.0,2.0,2.0,1.0,2.0,1.0,1.0,1.0,3,0,0,0,1,1,0,0,0,0,0,1,1,0,0.0,0,1,0,0,1,0,0,0,0,0,0
55.0,24.25,2,1,2.0,1.0,2.0,2.0,1.0,1.0,1.0,1.0,1.0,1.0,4,0,0,0,0,0,0,0,0,0,1,1,0,1,0.0,1,0,0,1,0,0,0,0,1,0,0
73.0,21.97,2,2,2.0,1.0,1.0,2.0,1.0,1.0,2.0,1.0,1.0,2.0,3,0,0,0,0,1,1,0,0,0,0,0,1,0,0.0,0,0,1,0,0,0,0,0,0,0,1
51.0,19.94,2,3,1.0,1.0,2.0,2.0,2.0,1.0,0.0,1.0,1.0,2.0,4,0,0,0,0,1,1,0,0,0,0,0,1,0,1.0,1,0,0,1,0,0,0,1,0,0,0
84.0,25.76,2,3,1.0,1.0,1.0,2.0,1.0,1.0,2.0,1.0,1.0,2.0,2,0,0,0,0,0,1,0,0,1,0,0,0,0,0.0,1,0,1,0,0,0,1,0,0,0,0
63.0,20.15,2,3,2.0,2.0,2.0,2.0,1.0,1.0,1.0,1.0,1.0,1.0,4,0,1,0,1,0,1,0,0,0,0,0,0,0,1.0,0,1,0,0,0,0,0,0,1,0,0
63.0,18.76,3,2,0.0,2.0,1.0,1.0,1.0,1.0,2.0,1.0,1.0,2.0,3,0,0,0,1,0,0,0,0,0,0,0,0,1,0.0,1,0,0,1,0,0,0,1,0,0,0
46.0,28.34,1,3,2.0,1.0,2.0,2.0,1.0,1.0,2.0,1.0,1.0,1.0,4,0,0,0,0,1,1,0,0,0,0,0,0,0,0.0,1,0,0,1,1,0,0,0,0,0,0
63.0,22.39,1,3,2.0,2.0,2.0,2.0,2.0,1.0,0.0,1.0,1.0,2.0,3,0,0,0,0,0,0,0,0,0,1,0,0,1,0.0,0,0,1,0,0,0,0,0,0,0,1
73.0,27.71,2,3,0.0,1.0,2.0,2.0,1.0,1.0,2.0,1.0,1.0,0.0,4,0,0,0,1,0,0,0,0,0,0,0,0,1,1.0,0,0,0,1,0,0,0,1,0,0,0
57.0,19.69,1,2,2.0,1.0,2.0,0.0,2.0,1.0,1.0,1.0,1.0,2.0,4,0,0,0,0,1,1,0,0,0,0,0,0,0,1.0,1,0,0,1,0,0,1,0,0,0,0
70.0,19.01,3,1,2.0,1.0,0.0,2.0,1.0,1.0,0.0,1.0,1.0,1.0,4,0,0,0,1,0,0,0,0,0,0,0,1,0,1.0,1,0,0,1,0,0,0,0,0,0,1
75.0,27.94,2,2,0.0,1.0,2.0,2.0,2.0,1.0,2.0,1.0,1.0,1.0,3,0,0,0,0,0,0,0,0,0,0,0,1,1,0.0,1,0,0,1,0,0,0,1,0,0,0
65.0,25.78,2,3,1.0,0.0,1.0,2.0,2.0,1.0,1.0,1.0,1.0,1.0,3,0,0,0,0,0,0,0,0,1,0,0,0,1,0.0,0,1,0,0,0,0,1,0,0,0,0
70.0,20.61,1,2,2.0,2.0,1.0,2.0,1.0,1.0,2.0,1.0,1.0,1.0,3,0,0,1,0,0,1,0,0,0,0,0,0,1,1.0,0,0,0,1,0,0,0,0,0,1,0
73.0,25.07,1,2,1.0,2.0,2.0,2.0,1.0,1.0,2.0,1.0,1.0,2.0,2,0,0,0,0,0,0,0,0,0,1,0,0,0,0.0,0,0,1,0,0,0,0,1,0,0,0
50.0,29.27,1,3,2.0,1.0,1.0,2.0,2.0,1.0,1.0,1.0,1.0,1.0,2,0,0,0,1,1,0,0,0,0,0,0,0,0,0.0,0,0,0,1,1,0,0,0,0,0,0
67.0,25.65,1,2,2.0,1.0,1.0,2.0,2.0,1.0,0.0,1.0,1.0,2.0,3,0,0,0,1,0,1,0,0,0,0,0,0,1,1.0,0,0,1,0,0,0,0,0,1,0,0
72.0,24.12,3,1,2.0,0.0,2.0,2.0,1.0,1.0,0.0,1.0,1.0,1.0,4,0,0,0,0,0,1,0,0,1,0,0,1,0,0.0,0,1,0,0,0,0,1,0,0,0,0
52.0,28.01,2,3,0.0,2.0,2.0,2.0,2.0,1.0,1.0,1.0,1.0,2.0,4,0,0,0,0,0,0,0,0,0,0,0,0,1,0.0,0,0,0,1,0,0,0,0,1,0,0
66.0,24.74,1,2,1.0,2.0,0.0,0.0,1.0,1.0,0.0,1.0,1.0,1.0,4,0,1,0,1,0,1,0,0,0,0,0,0,0,0.0,0,1,0,0,0,0,0,0,1,0,0
50.0,33.05,2,3,2.0,1.0,2.0,2.0,1.0,1.0,0.0,1.0,1.0,2.0,3,0,0,0,1,1,1,0,0,0,0,0,1,0,1.0,1,0,0,1,0,0,0,0,0,0,1
65.0,30.15,2,1,1.0,0.0,2.0,2.0,2.0,1.0,2.0,1.0,1.0,2.0,4,0,0,0,1,0,0,0,0,0,0,0,1,0,1.0,1,0,0,1,1,0,0,0,0,0,0
54.0,19.1,1,3,2.0,2.0,2.0,0.0,1.0,1.0,1.0,1.0,1.0,1.0,4,0,0,0,0,1,0,0,0,1,0,0,0,0,0.0,1,0,0,1,0,0,1,0,0,0,0
66.0,25.03,2,1,0.0,1.0,2.0,2.0,1.0,1.0,2.0,1.0,1.0,2.0,4,0,0,0,0,0,0,0,0,0,0,1,0,1,0.0,1,0,0,1,0,0,0,0,0,0,1
73.0,21.87,1,3,0.0,1.0,1.0,2.0,1.0,1.0,0.0,1.0,1.0,1.0,4,0,0,0,0,0,1,0,0,0,0,0,1,1,0.0,1,0,0,1,0,0,0,0,1,0,0
59.0,30.2,2,3,0.0,0.0,2.0,2.0,1.0,1.0,1.0,1.0,1.0,2.0,4,0,0,0,1,0,0,0,0,0,0,0,1,0,0.0,1,0,1,0,0,0,0,0,1,0,0
55.0,21.15,2,2,0.0,1.0,2.0,1.0,2.0,1.0,2.0,1.0,1.0,0.0,4,0,1,0,0,0,0,0,0,0,1,0,1,0,1.0,0,0,1,0,0,0,0,1,0,0,0
63.0,26.0,2,2,0.0,2.0,1.0,2.0,1.0,1.0,0.0,1.0,1.0,0.0,4,0,0,1,1,1,1,0,0,0,0,0,0,1,0.0,0,0,1,0,0,0,1,0,0,0,0
68.0,34.97,2,3,0.0,2.0,1.0,2.0,2.0,1.0,0.0,1.0,1.0,1.0,2,0,0,0,0,0,0,0,0,0,1,0,0,0,0.0,0,0,1,0,0,0,0,0,0,1,0
57.0,26.35,2,2,1.0,0.0,2.0,2.0,1.0,1.0,1.0,1.0,1.0,2.0,3,0,0,0,1,0,0,0,0,0,0,0,0,1,0.0,0,1,0,0,0,0,0,0,1,0,0
64.0,18.37,1,1,1.0,2.0,2.0,1.0,2.0,1.0,2.0,1.0,1.0,0.0,3,0,0,0,0,0,1,0,0,1,0,0,1,1,0.0,0,0,0,1,0,0,1,0,0,0,0
73.0,34.75,1,2,2.0,1.0,2.0,2.0,1.0,1.0,2.0,1.0,1.0,1.0,4,0,0,0,1,0,0,0,0,0,0,0,0,1,0.0,1,0,0,1,1,0,0,0,0,0,0
46.0,23.16,1,2,2.0,0.0,1.0,2.0,2.0,1.0,2.0,1.0,1.0,1.0,4,0,0,0,0,1,0,0,0,0,0,0,0,0,0.0,0,0,0,1,0,0,1,0,0,0,0
82.0,26.89,2,2,2.0,2.0,1.0,2.0,1.0,1.0,1.0,1.0,1.0,1.0,3,0,0,0,1,0,0,0,0,0,0,0,1,0,0.0,1,0,1,0,0,0,1,0,0,0,0
70.0,22.84,1,3,2.0,1.0,2.0,0.0,2.0,1.0,1.0,1.0,1.0,1.0,3,0,0,0,1,1,1,0,0,0,0,0,1,1,1.0,1,0,0,1,0,0,0,0,0,0,1
62.0,32.31,2,2,0.0,1.0,1.0,2.0,2.0,1.0,0.0,1.0,1.0,0.0,4,0,0,0,0,0,0,0,0,0,0,0,0,1,0.0,0,0,0,1,0,0,0,0,0,0,1
66.0,23.48,2,2,2.0,1.0,2.0,2.0,2.0,1.0,1.0,1.0,1.0,2.0,3,0,0,0,1,0,1,0,0,0,0,0,0,0,0.0,1,0,0,1,0,0,1,0,0,0,0
63.0,27.65,1,3,0.0,1.0,0.0,2.0,1.0,1.0,2.0,1.0,1.0,2.0,3,0,0,0,0,1,0,0,0,1,0,0,0,1,0.0,0,0,1,0,0,0,0,1,0,0,0
69.0,17.61,1,3,0.0,2.0,1.0,2.0,1.0,1.0,2.0,1.0,1.0,1.0,1,0,0,0,0,0,0,0,0,0,0,0,1,0,0.0,1,0,1,0,1,0,0,0,0,0,0
81.0,26.37,2,2,0.0,2.0,1.0,2.0,2.0,1.0,1.0,1.0,1.0,1.0,4,0,1,0,1,0,0,0,0,0,0,0,0,1,1.0,1,0,0,1,0,0,0,0,0,0,1
71.0,23.19,2,1,0.0,1.0,2.0,2.0,2.0,1.0,0.0,1.0,1.0,2.0,4,0,0,0,0,0,0,0,0,0,0,0,0,1,0.0,0,0,1,0,0,0,1,0,0,0,0
73.0,40.98,1,2,0.0,2.0,2.0,1.0,2.0,1.0,1.0,1.0,1.0,2.0,4,0,0,0,1,0,0,0,0,0,0,0,0,1,0.0,0,0,0,1,0,0,0,0,1,0,0
66.0,22.78,2,3,0.0,0.0,2.0,2.0,2.0,1.0,0.0,1.0,1.0,2.0,4,0,0,0,1,1,0,0,0,0,0,0,0,0,0.0,1,0,0,1,0,0,0,0,0,0,1
65.0,23.89,1,3,1.0,1.0,1.0,1.0,1.0,1.0,2.0,1.0,1.0,1.0,1,0,0,0,0,1,1,0,0,1,0,0,0,1,0.0,1,0,1,0,0,0,0,0,0,0,1
69.0,22.06,1,3,1.0,1.0,2.0,2.0,2.0,1.0,0.0,1.0,1.0,1.0,3,0,0,0,0,0,0,0,0,0,1,0,0,0,0.0,0,0,1,0,0,0,0,0,0,0,1
81.0,20.45,1,1,0.0,1.0,2.0,2.0,0.0,1.0,0.0,1.0,1.0,0.0,4,0,0,0,0,1,1,0,0,1,0,0,0,1,0.0,0,0,1,0,0,0,0,0,0,0,1
82.0,21.24,2,1,0.0,1.0,1.0,2.0,2.0,1.0,0.0,1.0,1.0,1.0,4,0,0,0,0,0,0,0,0,0,0,0,0,1,0.0,1,0,0,1,0,0,0,0,0,0,1
60.0,28.38,1,2,2.0,2.0,2.0,2.0,1.0,1.0,2.0,1.0,1.0,2.0,3,0,0,0,0,0,1,0,0,0,0,1,1,0,0.0,1,0,0,1,0,0,0,0,0,0,1
76.0,23.7,1,2,0.0,2.0,2.0,2.0,0.0,1.0,2.0,1.0,1.0,0.0,4,0,0,0,1,0,1,0,0,0,0,0,0,1,0.0,0,0,1,0,0,0,0,0,0,0,1
62.0,19.12,2,2,0.0,1.0,2.0,1.0,2.0,1.0,2.0,1.0,1.0,0.0,4,0,0,0,1,0,0,0,0,0,0,0,0,1,0.0,0,0,1,0,1,0,0,0,0,0,0
77.0,21.35,1,2,0.0,0.0,2.0,2.0,2.0,1.0,0.0,1.0,1.0,0.0,4,0,0,0,0,0,1,0,0,0,0,0,0,1,0.0,1,0,1,0,0,0,1,0,0,0,0
78.0,31.92,1,2,0.0,2.0,2.0,2.0,1.0,1.0,2.0,1.0,1.0,2.0,2,0,0,0,0,0,1,0,0,1,0,0,1,0,0.0,1,0,1,0,1,0,0,0,0,0,0
68.0,22.12,3,2,2.0,1.0,2.0,2.0,2.0,1.0,2.0,1.0,1.0,1.0,2,0,0,0,0,0,1,0,0,0,0,0,1,1,0.0,0,0,0,1,1,0,0,0,0,0,0
71.0,35.63,2,2,0.0,2.0,2.0,2.0,1.0,1.0,2.0,1.0,1.0,2.0,4,0,0,0,1,1,0,0,0,1,0,0,1,0,0.0,0,0,1,0,0,0,1,0,0,0,0
57.0,22.13,1,2,1.0,1.0,1.0,0.0,2.0,1.0,1.0,1.0,1.0,1.0,4,0,0,0,0,0,0,0,0,0,0,0,0,1,0.0,0,0,1,0,0,0,0,0,0,1,0
38.0,19.92,2,2,0.0,1.0,1.0,2.0,1.0,1.0,2.0,1.0,1.0,0.0,4,0,0,0,0,1,1,0,0,0,0,0,0,1,0.0,1,0,1,0,0,0,0,0,0,0,1
75.0,22.73,2,3,0.0,2.0,1.0,1.0,2.0,1.0,0.0,1.0,1.0,1.0,4,0,0,0,1,1,1,0,0,0,0,0,0,0,0.0,1,0,0,1,0,0,1,0,0,0,0
79.0,22.9,2,3,0.0,2.0,1.0,2.0,1.0,1.0,1.0,1.0,1.0,2.0,4,0,0,0,0,1,0,0,0,0,0,0,0,0,0.0,0,0,1,0,0,0,1,0,0,0,0
61.0,19.22,2,2,0.0,1.0,2.0,0.0,2.0,1.0,0.0,1.0,1.0,1.0,3,0,0,0,1,0,0,0,0,0,0,0,0,0,0.0,0,0,0,1,0,0,0,0,0,0,1
71.0,26.88,3,2,0.0,1.0,1.0,2.0,1.0,1.0,2.0,1.0,1.0,1.0,4,0,0,0,0,0,0,0,0,0,0,0,0,0,1.0,0,0,1,0,0,0,0,0,0,0,1
61.0,22.94,2,2,0.0,2.0,2.0,0.0,2.0,1.0,2.0,1.0,1.0,0.0,3,0,0,0,0,0,0,0,0,0,0,0,0,1,1.0,0,0,0,1,0,0,0,0,0,0,1
53.0,32.34,3,2,0.0,2.0,1.0,2.0,2.0,1.0,0.0,1.0,1.0,0.0,3,0,0,0,0,0,0,0,0,0,0,0,1,1,0.0,0,0,0,1,0,0,0,0,1,0,0
69.0,25.25,2,1,0.0,2.0,2.0,0.0,1.0,1.0,1.0,1.0,1.0,0.0,4,0,0,0,1,1,1,0,0,0,1,0,0,0,1.0,0,1,0,0,0,0,0,0,0,0,1
72.0,22.51,1,1,0.0,2.0,2.0,2.0,2.0,1.0,0.0,1.0,1.0,0.0,4,0,0,0,1,0,1,0,0,0,0,0,0,1,1.0,0,0,1,0,0,0,0,0,0,0,1
70.0,21.38,3,1,2.0,2.0,2.0,2.0,0.0,1.0,2.0,1.0,1.0,2.0,3,0,0,0,1,0,0,0,0,0,0,0,0,1,0.0,1,0,1,0,0,0,1,0,0,0,0
71.0,29.34,1,2,0.0,1.0,2.0,1.0,2.0,1.0,0.0,1.0,1.0,1.0,3,0,0,0,0,0,0,0,0,0,1,0,0,0,0.0,0,1,0,0,0,0,1,0,0,0,0
46.0,29.48,2,1,0.0,1.0,1.0,2.0,0.0,1.0,1.0,1.0,1.0,2.0,4,0,0,0,0,0,0,0,0,0,0,0,1,1,0.0,0,0,0,1,0,1,0,0,0,0,0
51.0,19.23,2,2,2.0,2.0,2.0,2.0,2.0,1.0,0.0,1.0,1.0,1.0,4,0,0,0,0,0,1,0,0,0,0,0,0,1,0.0,1,0,0,1,0,0,0,0,0,0,1
72.0,28.91,2,2,0.0,2.0,2.0,2.0,1.0,1.0,2.0,1.0,1.0,2.0,3,0,0,0,1,0,0,0,0,0,1,0,1,0,0.0,1,0,0,1,0,0,0,1,0,0,0
43.0,26.2,2,3,0.0,1.0,1.0,2.0,1.0,1.0,0.0,1.0,1.0,2.0,4,0,0,0,1,0,0,0,0,0,0,0,0,1,1.0,1,0,0,1,0,0,0,0,0,0,1
63.0,21.31,2,3,2.0,1.0,2.0,2.0,2.0,1.0,1.0,1.0,1.0,0.0,3,0,0,0,0,0,0,0,0,0,0,0,0,0,1.0,1,0,0,1,0,0,0,0,1,0,0
78.0,26.98,2,3,2.0,2.0,2.0,2.0,2.0,1.0,1.0,1.0,1.0,2.0,4,0,0,0,1,0,1,0,0,0,0,0,0,1,0.0,0,0,1,0,0,0,0,0,1,0,0
48.0,21.89,2,2,0.0,1.0,1.0,2.0,2.0,1.0,0.0,1.0,1.0,2.0,4,0,0,0,0,0,0,0,0,0,0,0,0,0,0.0,0,0,1,0,0,0,1,0,0,0,0
72.0,24.58,2,2,2.0,1.0,1.0,1.0,1.0,1.0,2.0,1.0,1.0,1.0,2,0,0,0,1,0,0,0,0,0,0,0,0,0,1.0,0,0,1,0,0,0,0,0,1,0,0
60.0,24.69,1,3,2.0,1.0,2.0,2.0,2.0,1.0,1.0,1.0,1.0,2.0,4,0,0,0,1,0,1,0,0,0,0,0,0,0,0.0,1,0,0,1,0,0,0,0,1,0,0
60.0,28.04,1,1,0.0,0.0,1.0,0.0,1.0,1.0,1.0,1.0,1.0,2.0,3,0,0,0,1,0,0,0,0,0,0,0,1,1,0.0,0,1,0,0,1,0,0,0,0,0,0
81.0,21.76,2,3,2.0,1.0,0.0,2.0,2.0,1.0,2.0,1.0,1.0,0.0,4,0,0,0,1,1,1,0,0,0,0,0,1,1,0.0,1,0,0,1,0,0,1,0,0,0,0
