model,random_state,test_size,ROC-AUC,PR-AUC,Accuracy
Random Forest,42,0.3,0.634056567222007,0.4211620686259646,0.7542372881355932
Logistic Regression,42,0.3,0.55288647810926,0.3003766415014376,0.5508474576271186
Gradient Boosting,42,0.3,0.508330104610616,0.3063017186736395,0.7033898305084746
Random Forest,42,0.3,0.634056567222007,0.4211620686259646,0.7542372881355932
Logistic Regression,42,0.3,0.55288647810926,0.3003766415014376,0.5508474576271186
Gradient Boosting,42,0.3,0.508330104610616,0.3063017186736395,0.7033898305084746
Random Forest,42,0.3,0.634056567222007,0.4211620686259646,0.7542372881355932
Logistic Regression,42,0.3,0.55288647810926,0.3003766415014376,0.5508474576271186
Gradient Boosting,42,0.3,0.508330104610616,0.3063017186736395,0.7033898305084746
Random Forest,42,0.3,0.634056567222007,0.4211620686259646,0.7542372881355932
Logistic Regression,42,0.3,0.55288647810926,0.3003766415014376,0.5508474576271186
Gradient Boosting,42,0.3,0.508330104610616,0.3063017186736395,0.7033898305084746
Random Forest,42,0.3,0.634056567222007,0.4211620686259646,0.7542372881355932
Logistic Regression,42,0.3,0.55288647810926,0.3003766415014376,0.5508474576271186
Gradient Boosting,42,0.3,0.508330104610616,0.3063017186736395,0.7033898305084746
Random Forest,0,0.3,0.7111584657109647,0.4469580373672205,0.7711864406779662
Logistic Regression,0,0.3,0.5784579620302208,0.3082831859491581,0.635593220338983
Gradient Boosting,0,0.3,0.566834560247966,0.28159801534331,0.6864406779661016
Random Forest,0,0.3,0.7111584657109647,0.4469580373672205,0.7711864406779662
Logistic Regression,0,0.3,0.5784579620302208,0.3082831859491581,0.635593220338983
Gradient Boosting,0,0.3,0.566834560247966,0.28159801534331,0.6864406779661016
Random Forest,0,0.3,0.7111584657109647,0.4469580373672205,0.7711864406779662
Logistic Regression,0,0.3,0.5784579620302208,0.3082831859491581,0.635593220338983
Gradient Boosting,0,0.3,0.566834560247966,0.28159801534331,0.6864406779661016
Random Forest,0,0.3,0.7111584657109647,0.4469580373672205,0.7711864406779662
Logistic Regression,0,0.3,0.5784579620302208,0.3082831859491581,0.635593220338983
Gradient Boosting,0,0.3,0.566834560247966,0.28159801534331,0.6864406779661016
Random Forest,0,0.3,0.7111584657109647,0.4469580373672205,0.7711864406779662
Logistic Regression,0,0.3,0.5784579620302208,0.3082831859491581,0.635593220338983
Gradient Boosting,0,0.3,0.566834560247966,0.28159801534331,0.6864406779661016
Random Forest,1,0.3,0.590468810538551,0.3211173233906295,0.7372881355932204
Logistic Regression,1,0.3,0.5280898876404494,0.2668024576338227,0.5677966101694916
Gradient Boosting,1,0.3,0.5160790391321193,0.2692200451128245,0.711864406779661
Random Forest,1,0.3,0.590468810538551,0.3211173233906295,0.7372881355932204
Logistic Regression,1,0.3,0.5280898876404494,0.2668024576338227,0.5677966101694916
Gradient Boosting,1,0.3,0.5160790391321193,0.2692200451128245,0.711864406779661
Random Forest,1,0.3,0.590468810538551,0.3211173233906295,0.7372881355932204
Logistic Regression,1,0.3,0.5280898876404494,0.2668024576338227,0.5677966101694916
Gradient Boosting,1,0.3,0.5160790391321193,0.2692200451128245,0.711864406779661
Random Forest,1,0.3,0.590468810538551,0.3211173233906295,0.7372881355932204
Logistic Regression,1,0.3,0.5280898876404494,0.2668024576338227,0.5677966101694916
Gradient Boosting,1,0.3,0.5160790391321193,0.2692200451128245,0.711864406779661
Random Forest,1,0.3,0.590468810538551,0.3211173233906295,0.7372881355932204
Logistic Regression,1,0.3,0.5280898876404494,0.2668024576338227,0.5677966101694916
Gradient Boosting,1,0.3,0.5160790391321193,0.2692200451128245,0.711864406779661
Random Forest,2,0.3,0.6168151879116622,0.417012359302855,0.7796610169491526
Logistic Regression,2,0.3,0.597830298333979,0.3203372069875176,0.5847457627118644
Gradient Boosting,2,0.3,0.4831460674157303,0.2506716099503517,0.635593220338983
Random Forest,2,0.3,0.6168151879116622,0.417012359302855,0.7796610169491526
Logistic Regression,2,0.3,0.597830298333979,0.3203372069875176,0.5847457627118644
Gradient Boosting,2,0.3,0.4831460674157303,0.2506716099503517,0.635593220338983
Random Forest,2,0.3,0.6168151879116622,0.417012359302855,0.7796610169491526
Logistic Regression,2,0.3,0.597830298333979,0.3203372069875176,0.5847457627118644
Gradient Boosting,2,0.3,0.4831460674157303,0.2506716099503517,0.635593220338983
Random Forest,2,0.3,0.6168151879116622,0.417012359302855,0.7796610169491526
Logistic Regression,2,0.3,0.597830298333979,0.3203372069875176,0.5847457627118644
Gradient Boosting,2,0.3,0.4831460674157303,0.2506716099503517,0.635593220338983
Random Forest,2,0.3,0.6168151879116622,0.417012359302855,0.7796610169491526
Logistic Regression,2,0.3,0.597830298333979,0.3203372069875176,0.5847457627118644
Gradient Boosting,2,0.3,0.4831460674157303,0.2506716099503517,0.635593220338983
Random Forest,3,0.3,0.6654397520340953,0.4245736363383247,0.7288135593220338
Logistic Regression,3,0.3,0.6020922123208059,0.3278250353217356,0.5677966101694916
Gradient Boosting,3,0.3,0.6133281673769857,0.3260626271059836,0.7203389830508474
Random Forest,3,0.3,0.6654397520340953,0.4245736363383247,0.7288135593220338
Logistic Regression,3,0.3,0.6020922123208059,0.3278250353217356,0.5677966101694916
Gradient Boosting,3,0.3,0.6133281673769857,0.3260626271059836,0.7203389830508474
Random Forest,3,0.3,0.6654397520340953,0.4245736363383247,0.7288135593220338
Logistic Regression,3,0.3,0.6020922123208059,0.3278250353217356,0.5677966101694916
Gradient Boosting,3,0.3,0.6133281673769857,0.3260626271059836,0.7203389830508474
Random Forest,3,0.3,0.6654397520340953,0.4245736363383247,0.7288135593220338
Logistic Regression,3,0.3,0.6020922123208059,0.3278250353217356,0.5677966101694916
Gradient Boosting,3,0.3,0.6133281673769857,0.3260626271059836,0.7203389830508474
Random Forest,3,0.3,0.6654397520340953,0.4245736363383247,0.7288135593220338
Logistic Regression,3,0.3,0.6020922123208059,0.3278250353217356,0.5677966101694916
Gradient Boosting,3,0.3,0.6133281673769857,0.3260626271059836,0.7203389830508474
Random Forest,4,0.3,0.6478109259976753,0.4037721535364877,0.7542372881355932
Logistic Regression,4,0.3,0.5617977528089888,0.3110992150443765,0.635593220338983
Gradient Boosting,4,0.3,0.5648973266175901,0.3254713685082409,0.7372881355932204
Random Forest,4,0.3,0.6478109259976753,0.4037721535364877,0.7542372881355932
Logistic Regression,4,0.3,0.5617977528089888,0.3110992150443765,0.635593220338983
Gradient Boosting,4,0.3,0.5648973266175901,0.3254713685082409,0.7372881355932204
Random Forest,4,0.3,0.6478109259976753,0.4037721535364877,0.7542372881355932
Logistic Regression,4,0.3,0.5617977528089888,0.3110992150443765,0.635593220338983
Gradient Boosting,4,0.3,0.5648973266175901,0.3254713685082409,0.7372881355932204
Random Forest,4,0.3,0.6478109259976753,0.4037721535364877,0.7542372881355932
Logistic Regression,4,0.3,0.5617977528089888,0.3110992150443765,0.635593220338983
Gradient Boosting,4,0.3,0.5648973266175901,0.3254713685082409,0.7372881355932204
Random Forest,4,0.3,0.6478109259976753,0.4037721535364877,0.7542372881355932
Logistic Regression,4,0.3,0.5617977528089888,0.3110992150443765,0.635593220338983
Gradient Boosting,4,0.3,0.5648973266175901,0.3254713685082409,0.7372881355932204
Random Forest,5,0.3,0.6764819837272374,0.3605745142476836,0.7372881355932204
Logistic Regression,5,0.3,0.6853932584269663,0.3605172613611809,0.6101694915254238
Gradient Boosting,5,0.3,0.5691592406044169,0.3484849336980113,0.6949152542372882
Random Forest,5,0.3,0.6764819837272374,0.3605745142476836,0.7372881355932204
Logistic Regression,5,0.3,0.6853932584269663,0.3605172613611809,0.6101694915254238
Gradient Boosting,5,0.3,0.5691592406044169,0.3484849336980113,0.6949152542372882
Random Forest,5,0.3,0.6764819837272374,0.3605745142476836,0.7372881355932204
Logistic Regression,5,0.3,0.6853932584269663,0.3605172613611809,0.6101694915254238
Gradient Boosting,5,0.3,0.5691592406044169,0.3484849336980113,0.6949152542372882
Random Forest,5,0.3,0.6764819837272374,0.3605745142476836,0.7372881355932204
Logistic Regression,5,0.3,0.6853932584269663,0.3605172613611809,0.6101694915254238
Gradient Boosting,5,0.3,0.5691592406044169,0.3484849336980113,0.6949152542372882
Random Forest,5,0.3,0.6764819837272374,0.3605745142476836,0.7372881355932204
Logistic Regression,5,0.3,0.6853932584269663,0.3605172613611809,0.6101694915254238
Gradient Boosting,5,0.3,0.5691592406044169,0.3484849336980113,0.6949152542372882
Random Forest,21,0.3,0.604804339403332,0.3721737988201797,0.7542372881355932
Logistic Regression,21,0.3,0.6268888027896165,0.3532612607979483,0.5677966101694916
Gradient Boosting,21,0.3,0.5850445563734987,0.3556705913686523,0.7203389830508474
Random Forest,21,0.3,0.604804339403332,0.3721737988201797,0.7542372881355932
Logistic Regression,21,0.3,0.6268888027896165,0.3532612607979483,0.5677966101694916
Gradient Boosting,21,0.3,0.5850445563734987,0.3556705913686523,0.7203389830508474
Random Forest,21,0.3,0.604804339403332,0.3721737988201797,0.7542372881355932
Logistic Regression,21,0.3,0.6268888027896165,0.3532612607979483,0.5677966101694916
Gradient Boosting,21,0.3,0.5850445563734987,0.3556705913686523,0.7203389830508474
Random Forest,21,0.3,0.604804339403332,0.3721737988201797,0.7542372881355932
Logistic Regression,21,0.3,0.6268888027896165,0.3532612607979483,0.5677966101694916
Gradient Boosting,21,0.3,0.5850445563734987,0.3556705913686523,0.7203389830508474
Random Forest,21,0.3,0.604804339403332,0.3721737988201797,0.7542372881355932
Logistic Regression,21,0.3,0.6268888027896165,0.3532612607979483,0.5677966101694916
Gradient Boosting,21,0.3,0.5850445563734987,0.3556705913686523,0.7203389830508474
Random Forest,0,0.2,0.6640350877192982,0.4174109803881708,0.7341772151898734
Logistic Regression,0,0.2,0.5929824561403508,0.304049785933363,0.6455696202531646
Gradient Boosting,0,0.2,0.6289473684210526,0.3211530759784654,0.6962025316455697
Random Forest,0,0.2,0.6640350877192982,0.4174109803881708,0.7341772151898734
Logistic Regression,0,0.2,0.5929824561403508,0.304049785933363,0.6455696202531646
Gradient Boosting,0,0.2,0.6289473684210526,0.3211530759784654,0.6962025316455697
Random Forest,0,0.2,0.6640350877192982,0.4174109803881708,0.7341772151898734
Logistic Regression,0,0.2,0.5929824561403508,0.304049785933363,0.6455696202531646
Gradient Boosting,0,0.2,0.6289473684210526,0.3211530759784654,0.6962025316455697
Random Forest,0,0.2,0.6640350877192982,0.4174109803881708,0.7341772151898734
Logistic Regression,0,0.2,0.5929824561403508,0.304049785933363,0.6455696202531646
Gradient Boosting,0,0.2,0.6289473684210526,0.3211530759784654,0.6962025316455697
Random Forest,0,0.2,0.6640350877192982,0.4174109803881708,0.7341772151898734
Logistic Regression,0,0.2,0.5929824561403508,0.304049785933363,0.6455696202531646
Gradient Boosting,0,0.2,0.6289473684210526,0.3211530759784654,0.6962025316455697
Random Forest,1,0.2,0.6635964912280702,0.3886506774526,0.759493670886076
Logistic Regression,1,0.2,0.5114035087719297,0.2539852924634355,0.5822784810126582
Gradient Boosting,1,0.2,0.518421052631579,0.301373513780046,0.7215189873417721
Random Forest,1,0.2,0.6635964912280702,0.3886506774526,0.759493670886076
Logistic Regression,1,0.2,0.5114035087719297,0.2539852924634355,0.5822784810126582
Gradient Boosting,1,0.2,0.518421052631579,0.301373513780046,0.7215189873417721
Random Forest,1,0.2,0.6635964912280702,0.3886506774526,0.759493670886076
Logistic Regression,1,0.2,0.5114035087719297,0.2539852924634355,0.5822784810126582
Gradient Boosting,1,0.2,0.518421052631579,0.301373513780046,0.7215189873417721
Random Forest,1,0.2,0.6635964912280702,0.3886506774526,0.759493670886076
Logistic Regression,1,0.2,0.5114035087719297,0.2539852924634355,0.5822784810126582
Gradient Boosting,1,0.2,0.518421052631579,0.301373513780046,0.7215189873417721
Random Forest,1,0.2,0.6635964912280702,0.3886506774526,0.759493670886076
Logistic Regression,1,0.2,0.5114035087719297,0.2539852924634355,0.5822784810126582
Gradient Boosting,1,0.2,0.518421052631579,0.301373513780046,0.7215189873417721
Random Forest,2,0.2,0.632017543859649,0.4347885182202447,0.7721518987341772
Logistic Regression,2,0.2,0.5912280701754385,0.3346709217365895,0.5822784810126582
Gradient Boosting,2,0.2,0.5087719298245613,0.2713186691135083,0.6962025316455697
Random Forest,2,0.2,0.632017543859649,0.4347885182202447,0.7721518987341772
Logistic Regression,2,0.2,0.5912280701754385,0.3346709217365895,0.5822784810126582
Gradient Boosting,2,0.2,0.5087719298245613,0.2713186691135083,0.6962025316455697
Random Forest,2,0.2,0.632017543859649,0.4347885182202447,0.7721518987341772
Logistic Regression,2,0.2,0.5912280701754385,0.3346709217365895,0.5822784810126582
Gradient Boosting,2,0.2,0.5087719298245613,0.2713186691135083,0.6962025316455697
Random Forest,2,0.2,0.632017543859649,0.4347885182202447,0.7721518987341772
Logistic Regression,2,0.2,0.5912280701754385,0.3346709217365895,0.5822784810126582
Gradient Boosting,2,0.2,0.5087719298245613,0.2713186691135083,0.6962025316455697
Random Forest,2,0.2,0.632017543859649,0.4347885182202447,0.7721518987341772
Logistic Regression,2,0.2,0.5912280701754385,0.3346709217365895,0.5822784810126582
Gradient Boosting,2,0.2,0.5087719298245613,0.2713186691135083,0.6962025316455697
Random Forest,3,0.2,0.6149122807017543,0.3958892466289505,0.7721518987341772
Logistic Regression,3,0.2,0.6,0.362459203701698,0.620253164556962
Gradient Boosting,3,0.2,0.5736842105263158,0.3609548431253654,0.7215189873417721
Random Forest,3,0.2,0.6149122807017543,0.3958892466289505,0.7721518987341772
Logistic Regression,3,0.2,0.6,0.362459203701698,0.620253164556962
Gradient Boosting,3,0.2,0.5736842105263158,0.3609548431253654,0.7215189873417721
Random Forest,3,0.2,0.6149122807017543,0.3958892466289505,0.7721518987341772
Logistic Regression,3,0.2,0.6,0.362459203701698,0.620253164556962
Gradient Boosting,3,0.2,0.5736842105263158,0.3609548431253654,0.7215189873417721
Random Forest,3,0.2,0.6149122807017543,0.3958892466289505,0.7721518987341772
Logistic Regression,3,0.2,0.6,0.362459203701698,0.620253164556962
Gradient Boosting,3,0.2,0.5736842105263158,0.3609548431253654,0.7215189873417721
Random Forest,3,0.2,0.6149122807017543,0.3958892466289505,0.7721518987341772
Logistic Regression,3,0.2,0.6,0.362459203701698,0.620253164556962
Gradient Boosting,3,0.2,0.5736842105263158,0.3609548431253654,0.7215189873417721
Random Forest,4,0.2,0.5964912280701754,0.3824414662920271,0.759493670886076
Logistic Regression,4,0.2,0.6008771929824561,0.3974725596810228,0.5822784810126582
Gradient Boosting,4,0.2,0.513157894736842,0.2961833258183199,0.7341772151898734
Random Forest,4,0.2,0.5964912280701754,0.3824414662920271,0.759493670886076
Logistic Regression,4,0.2,0.6008771929824561,0.3974725596810228,0.5822784810126582
Gradient Boosting,4,0.2,0.513157894736842,0.2961833258183199,0.7341772151898734
Random Forest,4,0.2,0.5964912280701754,0.3824414662920271,0.759493670886076
Logistic Regression,4,0.2,0.6008771929824561,0.3974725596810228,0.5822784810126582
Gradient Boosting,4,0.2,0.513157894736842,0.2961833258183199,0.7341772151898734
Random Forest,4,0.2,0.5964912280701754,0.3824414662920271,0.759493670886076
Logistic Regression,4,0.2,0.6008771929824561,0.3974725596810228,0.5822784810126582
Gradient Boosting,4,0.2,0.513157894736842,0.2961833258183199,0.7341772151898734
Random Forest,4,0.2,0.5964912280701754,0.3824414662920271,0.759493670886076
Logistic Regression,4,0.2,0.6008771929824561,0.3974725596810228,0.5822784810126582
Gradient Boosting,4,0.2,0.513157894736842,0.2961833258183199,0.7341772151898734
Random Forest,5,0.2,0.680701754385965,0.379962616217654,0.7215189873417721
Logistic Regression,5,0.2,0.6807017543859649,0.3608927439720328,0.6455696202531646
Gradient Boosting,5,0.2,0.6517543859649123,0.3681286540619055,0.6962025316455697
Random Forest,5,0.2,0.680701754385965,0.379962616217654,0.7215189873417721
Logistic Regression,5,0.2,0.6807017543859649,0.3608927439720328,0.6455696202531646
Gradient Boosting,5,0.2,0.6517543859649123,0.3681286540619055,0.6962025316455697
Random Forest,5,0.2,0.680701754385965,0.379962616217654,0.7215189873417721
Logistic Regression,5,0.2,0.6807017543859649,0.3608927439720328,0.6455696202531646
Gradient Boosting,5,0.2,0.6517543859649123,0.3681286540619055,0.6962025316455697
Random Forest,5,0.2,0.680701754385965,0.379962616217654,0.7215189873417721
Logistic Regression,5,0.2,0.6807017543859649,0.3608927439720328,0.6455696202531646
Gradient Boosting,5,0.2,0.6517543859649123,0.3681286540619055,0.6962025316455697
Random Forest,5,0.2,0.680701754385965,0.379962616217654,0.7215189873417721
Logistic Regression,5,0.2,0.6807017543859649,0.3608927439720328,0.6455696202531646
Gradient Boosting,5,0.2,0.6517543859649123,0.3681286540619055,0.6962025316455697
Random Forest,21,0.2,0.5986842105263158,0.3667849166745831,0.759493670886076
Logistic Regression,21,0.2,0.5482456140350876,0.3122982438574538,0.4430379746835443
Gradient Boosting,21,0.2,0.5333333333333333,0.2915716996692357,0.6962025316455697
Random Forest,21,0.2,0.5986842105263158,0.3667849166745831,0.759493670886076
Logistic Regression,21,0.2,0.5482456140350876,0.3122982438574538,0.4430379746835443
Gradient Boosting,21,0.2,0.5333333333333333,0.2915716996692357,0.6962025316455697
Random Forest,21,0.2,0.5986842105263158,0.3667849166745831,0.759493670886076
Logistic Regression,21,0.2,0.5482456140350876,0.3122982438574538,0.4430379746835443
Gradient Boosting,21,0.2,0.5333333333333333,0.2915716996692357,0.6962025316455697
Random Forest,21,0.2,0.5986842105263158,0.3667849166745831,0.759493670886076
Logistic Regression,21,0.2,0.5482456140350876,0.3122982438574538,0.4430379746835443
Gradient Boosting,21,0.2,0.5333333333333333,0.2915716996692357,0.6962025316455697
Random Forest,21,0.2,0.5986842105263158,0.3667849166745831,0.759493670886076
Logistic Regression,21,0.2,0.5482456140350876,0.3122982438574538,0.4430379746835443
Gradient Boosting,21,0.2,0.5333333333333333,0.2915716996692357,0.6962025316455697
Random Forest,42,0.2,0.5478070175438596,0.3456028156735287,0.7215189873417721
Logistic Regression,42,0.2,0.4798245614035087,0.2766785714302601,0.5822784810126582
Gradient Boosting,42,0.2,0.3859649122807017,0.1993461959499988,0.6329113924050633
Random Forest,42,0.2,0.5478070175438596,0.3456028156735287,0.7215189873417721
Logistic Regression,42,0.2,0.4798245614035087,0.2766785714302601,0.5822784810126582
Gradient Boosting,42,0.2,0.3859649122807017,0.1993461959499988,0.6329113924050633
Random Forest,42,0.2,0.5478070175438596,0.3456028156735287,0.7215189873417721
Logistic Regression,42,0.2,0.4798245614035087,0.2766785714302601,0.5822784810126582
Gradient Boosting,42,0.2,0.3859649122807017,0.1993461959499988,0.6329113924050633
Random Forest,42,0.2,0.5478070175438596,0.3456028156735287,0.7215189873417721
Logistic Regression,42,0.2,0.4798245614035087,0.2766785714302601,0.5822784810126582
Gradient Boosting,42,0.2,0.3859649122807017,0.1993461959499988,0.6329113924050633
Random Forest,42,0.2,0.5478070175438596,0.3456028156735287,0.7215189873417721
Logistic Regression,42,0.2,0.4798245614035087,0.2766785714302601,0.5822784810126582
Gradient Boosting,42,0.2,0.3859649122807017,0.1993461959499988,0.6329113924050633
Random Forest,0,0.33,0.6833545918367347,0.3678570959855491,0.7384615384615385
Logistic Regression,0,0.33,0.5911989795918368,0.3005648153700042,0.6461538461538462
Gradient Boosting,0,0.33,0.5586734693877551,0.2761977272891033,0.6692307692307692
Random Forest,0,0.33,0.6833545918367347,0.3678570959855491,0.7384615384615385
Logistic Regression,0,0.33,0.5911989795918368,0.3005648153700042,0.6461538461538462
Gradient Boosting,0,0.33,0.5586734693877551,0.2761977272891033,0.6692307692307692
Random Forest,0,0.33,0.6833545918367347,0.3678570959855491,0.7384615384615385
Logistic Regression,0,0.33,0.5911989795918368,0.3005648153700042,0.6461538461538462
Gradient Boosting,0,0.33,0.5586734693877551,0.2761977272891033,0.6692307692307692
Random Forest,1,0.33,0.5908801020408163,0.3412984948250715,0.7538461538461538
Logistic Regression,1,0.33,0.5076530612244898,0.2593742185980104,0.5538461538461539
Gradient Boosting,1,0.33,0.5440051020408163,0.3075826952294883,0.7384615384615385
Random Forest,1,0.33,0.5908801020408163,0.3412984948250715,0.7538461538461538
Logistic Regression,1,0.33,0.5076530612244898,0.2593742185980104,0.5538461538461539
Gradient Boosting,1,0.33,0.5440051020408163,0.3075826952294883,0.7384615384615385
Random Forest,1,0.33,0.5908801020408163,0.3412984948250715,0.7538461538461538
Logistic Regression,1,0.33,0.5076530612244898,0.2593742185980104,0.5538461538461539
Gradient Boosting,1,0.33,0.5440051020408163,0.3075826952294883,0.7384615384615385
Random Forest,2,0.33,0.6112882653061225,0.3649951549135606,0.7461538461538462
Logistic Regression,2,0.33,0.6036352040816326,0.3337201418483939,0.6076923076923076
Gradient Boosting,2,0.33,0.515625,0.2474531478308601,0.6461538461538462
Random Forest,2,0.33,0.6112882653061225,0.3649951549135606,0.7461538461538462
Logistic Regression,2,0.33,0.6036352040816326,0.3337201418483939,0.6076923076923076
Gradient Boosting,2,0.33,0.515625,0.2474531478308601,0.6461538461538462
Random Forest,2,0.33,0.6112882653061225,0.3649951549135606,0.7461538461538462
Logistic Regression,2,0.33,0.6036352040816326,0.3337201418483939,0.6076923076923076
Gradient Boosting,2,0.33,0.515625,0.2474531478308601,0.6461538461538462
Random Forest,3,0.33,0.5878507653061226,0.3268154614256529,0.7230769230769231
Logistic Regression,3,0.33,0.5331632653061225,0.2802723625733094,0.5461538461538461
Gradient Boosting,3,0.33,0.5822704081632653,0.3094193181859114,0.7230769230769231
Random Forest,3,0.33,0.5878507653061226,0.3268154614256529,0.7230769230769231
Logistic Regression,3,0.33,0.5331632653061225,0.2802723625733094,0.5461538461538461
Gradient Boosting,3,0.33,0.5822704081632653,0.3094193181859114,0.7230769230769231
Random Forest,3,0.33,0.5878507653061226,0.3268154614256529,0.7230769230769231
Logistic Regression,3,0.33,0.5331632653061225,0.2802723625733094,0.5461538461538461
Gradient Boosting,3,0.33,0.5822704081632653,0.3094193181859114,0.7230769230769231
Random Forest,4,0.33,0.6747448979591837,0.4728254395468279,0.7692307692307693
Logistic Regression,4,0.33,0.5975765306122449,0.3441812928869172,0.6307692307692307
Gradient Boosting,4,0.33,0.565688775510204,0.326305216810563,0.7384615384615385
Random Forest,4,0.33,0.6747448979591837,0.4728254395468279,0.7692307692307693
Logistic Regression,4,0.33,0.5975765306122449,0.3441812928869172,0.6307692307692307
Gradient Boosting,4,0.33,0.565688775510204,0.326305216810563,0.7384615384615385
Random Forest,4,0.33,0.6747448979591837,0.4728254395468279,0.7692307692307693
Logistic Regression,4,0.33,0.5975765306122449,0.3441812928869172,0.6307692307692307
Gradient Boosting,4,0.33,0.565688775510204,0.326305216810563,0.7384615384615385
Random Forest,5,0.33,0.7197066326530612,0.4140932322213839,0.7461538461538462
Logistic Regression,5,0.33,0.6278698979591837,0.3360005204933849,0.6076923076923076
Gradient Boosting,5,0.33,0.5902423469387755,0.311784243060057,0.7
Random Forest,5,0.33,0.7197066326530612,0.4140932322213839,0.7461538461538462
Logistic Regression,5,0.33,0.6278698979591837,0.3360005204933849,0.6076923076923076
Gradient Boosting,5,0.33,0.5902423469387755,0.311784243060057,0.7
Random Forest,5,0.33,0.7197066326530612,0.4140932322213839,0.7461538461538462
Logistic Regression,5,0.33,0.6278698979591837,0.3360005204933849,0.6076923076923076
Gradient Boosting,5,0.33,0.5902423469387755,0.311784243060057,0.7
Random Forest,21,0.33,0.6310586734693878,0.3942565967228575,0.7538461538461538
Logistic Regression,21,0.33,0.6355229591836734,0.4123882344916841,0.5461538461538461
Gradient Boosting,21,0.33,0.581313775510204,0.3459976872145415,0.676923076923077
Random Forest,21,0.33,0.6310586734693878,0.3942565967228575,0.7538461538461538
Logistic Regression,21,0.33,0.6355229591836734,0.4123882344916841,0.5461538461538461
Gradient Boosting,21,0.33,0.581313775510204,0.3459976872145415,0.676923076923077
Random Forest,21,0.33,0.6310586734693878,0.3942565967228575,0.7538461538461538
Logistic Regression,21,0.33,0.6355229591836734,0.4123882344916841,0.5461538461538461
Gradient Boosting,21,0.33,0.581313775510204,0.3459976872145415,0.676923076923077
Random Forest,42,0.33,0.5776466836734694,0.3504267641258728,0.7384615384615385
Logistic Regression,42,0.33,0.5653698979591837,0.3002112366831475,0.5692307692307692
Gradient Boosting,42,0.33,0.5012755102040817,0.2696397550441911,0.6692307692307692
Random Forest,42,0.33,0.5776466836734694,0.3504267641258728,0.7384615384615385
Logistic Regression,42,0.33,0.5653698979591837,0.3002112366831475,0.5692307692307692
Gradient Boosting,42,0.33,0.5012755102040817,0.2696397550441911,0.6692307692307692
Random Forest,42,0.33,0.5776466836734694,0.3504267641258728,0.7384615384615385
Logistic Regression,42,0.33,0.5653698979591837,0.3002112366831475,0.5692307692307692
Gradient Boosting,42,0.33,0.5012755102040817,0.2696397550441911,0.6692307692307692
Random Forest,0,0.5,0.5655968468468469,0.3070328054677214,0.7448979591836735
Logistic Regression,0,0.5,0.525197072072072,0.2523589716091022,0.5357142857142857
Gradient Boosting,0,0.5,0.4800112612612612,0.2360602902565191,0.673469387755102
Random Forest,0,0.5,0.5655968468468469,0.3070328054677214,0.7448979591836735
Logistic Regression,0,0.5,0.525197072072072,0.2523589716091022,0.5357142857142857
Gradient Boosting,0,0.5,0.4800112612612612,0.2360602902565191,0.673469387755102
Random Forest,0,0.5,0.5655968468468469,0.3070328054677214,0.7448979591836735
Logistic Regression,0,0.5,0.525197072072072,0.2523589716091022,0.5357142857142857
Gradient Boosting,0,0.5,0.4800112612612612,0.2360602902565191,0.673469387755102
Random Forest,1,0.5,0.6018440315315317,0.3342131979031518,0.75
Logistic Regression,1,0.5,0.5339245495495496,0.2962165773476246,0.5561224489795918
Gradient Boosting,1,0.5,0.5088682432432432,0.2716140072086485,0.7295918367346939
Random Forest,1,0.5,0.6018440315315317,0.3342131979031518,0.75
Logistic Regression,1,0.5,0.5339245495495496,0.2962165773476246,0.5561224489795918
Gradient Boosting,1,0.5,0.5088682432432432,0.2716140072086485,0.7295918367346939
Random Forest,1,0.5,0.6018440315315317,0.3342131979031518,0.75
Logistic Regression,1,0.5,0.5339245495495496,0.2962165773476246,0.5561224489795918
Gradient Boosting,1,0.5,0.5088682432432432,0.2716140072086485,0.7295918367346939
Random Forest,2,0.5,0.6138091216216216,0.3456946253868291,0.7602040816326531
Logistic Regression,2,0.5,0.6007882882882882,0.31801939490601,0.6122448979591837
Gradient Boosting,2,0.5,0.5320945945945945,0.2671541856449323,0.6632653061224489
Random Forest,2,0.5,0.6138091216216216,0.3456946253868291,0.7602040816326531
Logistic Regression,2,0.5,0.6007882882882882,0.31801939490601,0.6122448979591837
Gradient Boosting,2,0.5,0.5320945945945945,0.2671541856449323,0.6632653061224489
Random Forest,2,0.5,0.6138091216216216,0.3456946253868291,0.7602040816326531
Logistic Regression,2,0.5,0.6007882882882882,0.31801939490601,0.6122448979591837
Gradient Boosting,2,0.5,0.5320945945945945,0.2671541856449323,0.6632653061224489
Random Forest,3,0.5,0.6020551801801801,0.339894267383278,0.75
Logistic Regression,3,0.5,0.5437781531531531,0.2986911934435031,0.5714285714285714
Gradient Boosting,3,0.5,0.539132882882883,0.3056932594469378,0.7295918367346939
Random Forest,3,0.5,0.6020551801801801,0.339894267383278,0.75
Logistic Regression,3,0.5,0.5437781531531531,0.2986911934435031,0.5714285714285714
Gradient Boosting,3,0.5,0.539132882882883,0.3056932594469378,0.7295918367346939
Random Forest,3,0.5,0.6020551801801801,0.339894267383278,0.75
Logistic Regression,3,0.5,0.5437781531531531,0.2986911934435031,0.5714285714285714
Gradient Boosting,3,0.5,0.539132882882883,0.3056932594469378,0.7295918367346939
Random Forest,4,0.5,0.5656672297297297,0.305096573629196,0.7602040816326531
Logistic Regression,4,0.5,0.5382882882882882,0.2863827532456618,0.5918367346938775
Gradient Boosting,4,0.5,0.5496903153153153,0.3221656664026181,0.7193877551020408
Random Forest,4,0.5,0.5656672297297297,0.305096573629196,0.7602040816326531
Logistic Regression,4,0.5,0.5382882882882882,0.2863827532456618,0.5918367346938775
Gradient Boosting,4,0.5,0.5496903153153153,0.3221656664026181,0.7193877551020408
Random Forest,4,0.5,0.5656672297297297,0.305096573629196,0.7602040816326531
Logistic Regression,4,0.5,0.5382882882882882,0.2863827532456618,0.5918367346938775
Gradient Boosting,4,0.5,0.5496903153153153,0.3221656664026181,0.7193877551020408
Random Forest,5,0.5,0.636402027027027,0.3959269026945047,0.7704081632653061
Logistic Regression,5,0.5,0.5796734234234234,0.2971471064547008,0.5969387755102041
Gradient Boosting,5,0.5,0.5843186936936936,0.3542620669234304,0.7142857142857143
Random Forest,5,0.5,0.636402027027027,0.3959269026945047,0.7704081632653061
Logistic Regression,5,0.5,0.5796734234234234,0.2971471064547008,0.5969387755102041
Gradient Boosting,5,0.5,0.5843186936936936,0.3542620669234304,0.7142857142857143
Random Forest,5,0.5,0.636402027027027,0.3959269026945047,0.7704081632653061
Logistic Regression,5,0.5,0.5796734234234234,0.2971471064547008,0.5969387755102041
Gradient Boosting,5,0.5,0.5843186936936936,0.3542620669234304,0.7142857142857143
Random Forest,21,0.5,0.6391469594594594,0.3972263116818657,0.7448979591836735
Logistic Regression,21,0.5,0.6364020270270271,0.4022251204359567,0.576530612244898
Gradient Boosting,21,0.5,0.5927646396396397,0.3645396737770139,0.7193877551020408
Random Forest,21,0.5,0.6391469594594594,0.3972263116818657,0.7448979591836735
Logistic Regression,21,0.5,0.6364020270270271,0.4022251204359567,0.576530612244898
Gradient Boosting,21,0.5,0.5927646396396397,0.3645396737770139,0.7193877551020408
Random Forest,21,0.5,0.6391469594594594,0.3972263116818657,0.7448979591836735
Logistic Regression,21,0.5,0.6364020270270271,0.4022251204359567,0.576530612244898
Gradient Boosting,21,0.5,0.5927646396396397,0.3645396737770139,0.7193877551020408
Random Forest,42,0.5,0.5793918918918919,0.3808116183406114,0.7551020408163265
Logistic Regression,42,0.5,0.5398367117117118,0.2662544893030514,0.5255102040816326
Gradient Boosting,42,0.5,0.5463119369369369,0.2861329628851548,0.6632653061224489
Random Forest,42,0.5,0.5793918918918919,0.3808116183406114,0.7551020408163265
Logistic Regression,42,0.5,0.5398367117117118,0.2662544893030514,0.5255102040816326
Gradient Boosting,42,0.5,0.5463119369369369,0.2861329628851548,0.6632653061224489
Random Forest,42,0.5,0.5793918918918919,0.3808116183406114,0.7551020408163265
Logistic Regression,42,0.5,0.5398367117117118,0.2662544893030514,0.5255102040816326
Gradient Boosting,42,0.5,0.5463119369369369,0.2861329628851548,0.6632653061224489
Random Forest,0,0.66,0.5319080012957564,0.2771951537939967,0.7451737451737451
Logistic Regression,0,0.66,0.4828312277291869,0.2524639483336385,0.61003861003861
Gradient Boosting,0,0.66,0.5073291221250404,0.2441182579541651,0.6756756756756757
Random Forest,0,0.66,0.5319080012957564,0.2771951537939967,0.7451737451737451
Logistic Regression,0,0.66,0.4828312277291869,0.2524639483336385,0.61003861003861
Gradient Boosting,0,0.66,0.5073291221250404,0.2441182579541651,0.6756756756756757
Random Forest,0,0.66,0.5319080012957564,0.2771951537939967,0.7451737451737451
Logistic Regression,0,0.66,0.4828312277291869,0.2524639483336385,0.61003861003861
Gradient Boosting,0,0.66,0.5073291221250404,0.2441182579541651,0.6756756756756757
Random Forest,1,0.66,0.6195740200842241,0.3182419488568818,0.749034749034749
Logistic Regression,1,0.66,0.590217039196631,0.2923730215073041,0.5637065637065637
Gradient Boosting,1,0.66,0.6104632329122125,0.319550865345365,0.7027027027027027
Random Forest,1,0.66,0.6195740200842241,0.3182419488568818,0.749034749034749
Logistic Regression,1,0.66,0.590217039196631,0.2923730215073041,0.5637065637065637
Gradient Boosting,1,0.66,0.6104632329122125,0.319550865345365,0.7027027027027027
Random Forest,1,0.66,0.6195740200842241,0.3182419488568818,0.749034749034749
Logistic Regression,1,0.66,0.590217039196631,0.2923730215073041,0.5637065637065637
Gradient Boosting,1,0.66,0.6104632329122125,0.319550865345365,0.7027027027027027
Random Forest,2,0.66,0.5460803368966635,0.2669180545167955,0.7335907335907336
Logistic Regression,2,0.66,0.5461613216715258,0.2874682199756764,0.6293436293436293
Gradient Boosting,2,0.66,0.5052640103660512,0.2507108179711423,0.694980694980695
Random Forest,2,0.66,0.5460803368966635,0.2669180545167955,0.7335907335907336
Logistic Regression,2,0.66,0.5461613216715258,0.2874682199756764,0.6293436293436293
Gradient Boosting,2,0.66,0.5052640103660512,0.2507108179711423,0.694980694980695
Random Forest,2,0.66,0.5460803368966635,0.2669180545167955,0.7335907335907336
Logistic Regression,2,0.66,0.5461613216715258,0.2874682199756764,0.6293436293436293
Gradient Boosting,2,0.66,0.5052640103660512,0.2507108179711423,0.694980694980695
Random Forest,3,0.66,0.5933754454162617,0.3384971416625663,0.7606177606177607
Logistic Regression,3,0.66,0.5464042759961127,0.2803374135868919,0.5637065637065637
Gradient Boosting,3,0.66,0.5555555555555555,0.2916442146562479,0.6911196911196911
Random Forest,3,0.66,0.5933754454162617,0.3384971416625663,0.7606177606177607
Logistic Regression,3,0.66,0.5464042759961127,0.2803374135868919,0.5637065637065637
Gradient Boosting,3,0.66,0.5555555555555555,0.2916442146562479,0.6911196911196911
Random Forest,3,0.66,0.5933754454162617,0.3384971416625663,0.7606177606177607
Logistic Regression,3,0.66,0.5464042759961127,0.2803374135868919,0.5637065637065637
Gradient Boosting,3,0.66,0.5555555555555555,0.2916442146562479,0.6911196911196911
Random Forest,4,0.66,0.5499271137026237,0.3020507166961658,0.749034749034749
Logistic Regression,4,0.66,0.5492387431162942,0.2924809592512281,0.5945945945945946
Gradient Boosting,4,0.66,0.5264010366051182,0.2710311906416871,0.7104247104247104
Random Forest,4,0.66,0.5499271137026237,0.3020507166961658,0.749034749034749
Logistic Regression,4,0.66,0.5492387431162942,0.2924809592512281,0.5945945945945946
Gradient Boosting,4,0.66,0.5264010366051182,0.2710311906416871,0.7104247104247104
Random Forest,4,0.66,0.5499271137026237,0.3020507166961658,0.749034749034749
Logistic Regression,4,0.66,0.5492387431162942,0.2924809592512281,0.5945945945945946
Gradient Boosting,4,0.66,0.5264010366051182,0.2710311906416871,0.7104247104247104
Random Forest,5,0.66,0.637471655328798,0.3783261268961243,0.7683397683397684
Logistic Regression,5,0.66,0.5441367022999677,0.2942190669138136,0.5868725868725869
Gradient Boosting,5,0.66,0.5826044703595724,0.2980050554758179,0.6988416988416989
Random Forest,5,0.66,0.637471655328798,0.3783261268961243,0.7683397683397684
Logistic Regression,5,0.66,0.5441367022999677,0.2942190669138136,0.5868725868725869
Gradient Boosting,5,0.66,0.5826044703595724,0.2980050554758179,0.6988416988416989
Random Forest,5,0.66,0.637471655328798,0.3783261268961243,0.7683397683397684
Logistic Regression,5,0.66,0.5441367022999677,0.2942190669138136,0.5868725868725869
Gradient Boosting,5,0.66,0.5826044703595724,0.2980050554758179,0.6988416988416989
Random Forest,21,0.66,0.5865727243278264,0.3241433563756011,0.752895752895753
Logistic Regression,21,0.66,0.5536119209588598,0.2919909735880417,0.5173745173745173
Gradient Boosting,21,0.66,0.5372529964366699,0.2630248278458265,0.6640926640926641
Random Forest,21,0.66,0.5865727243278264,0.3241433563756011,0.752895752895753
Logistic Regression,21,0.66,0.5536119209588598,0.2919909735880417,0.5173745173745173
Gradient Boosting,21,0.66,0.5372529964366699,0.2630248278458265,0.6640926640926641
Random Forest,21,0.66,0.5865727243278264,0.3241433563756011,0.752895752895753
Logistic Regression,21,0.66,0.5536119209588598,0.2919909735880417,0.5173745173745173
Gradient Boosting,21,0.66,0.5372529964366699,0.2630248278458265,0.6640926640926641
Random Forest,42,0.66,0.5926465824425008,0.3595234265395003,0.7606177606177607
Logistic Regression,42,0.66,0.5488338192419825,0.2859211879693928,0.5675675675675675
Gradient Boosting,42,0.66,0.5590379008746356,0.304900891181425,0.6988416988416989
Random Forest,42,0.66,0.5926465824425008,0.3595234265395003,0.7606177606177607
Logistic Regression,42,0.66,0.5488338192419825,0.2859211879693928,0.5675675675675675
Gradient Boosting,42,0.66,0.5590379008746356,0.304900891181425,0.6988416988416989
Random Forest,42,0.66,0.5926465824425008,0.3595234265395003,0.7606177606177607
Logistic Regression,42,0.66,0.5488338192419825,0.2859211879693928,0.5675675675675675
Gradient Boosting,42,0.66,0.5590379008746356,0.304900891181425,0.6988416988416989
Random Forest,0,0.75,0.5604433777553212,0.2859298869866771,0.7414965986394558
Logistic Regression,0,0.75,0.5114633992294575,0.2474334407453473,0.564625850340136
Gradient Boosting,0,0.75,0.5057159098086276,0.2613731745125134,0.6904761904761905
Random Forest,0,0.75,0.5604433777553212,0.2859298869866771,0.7414965986394558
Logistic Regression,0,0.75,0.5114633992294575,0.2474334407453473,0.564625850340136
Gradient Boosting,0,0.75,0.5057159098086276,0.2613731745125134,0.6904761904761905
Random Forest,0,0.75,0.5604433777553212,0.2859298869866771,0.7414965986394558
Logistic Regression,0,0.75,0.5114633992294575,0.2474334407453473,0.564625850340136
Gradient Boosting,0,0.75,0.5057159098086276,0.2613731745125134,0.6904761904761905
Random Forest,1,0.75,0.6013389755573801,0.3256062157987404,0.7448979591836735
Logistic Regression,1,0.75,0.5854228510073896,0.2941978918191169,0.5544217687074829
Gradient Boosting,1,0.75,0.5618013010800227,0.2781639594678715,0.6938775510204082
Random Forest,1,0.75,0.6013389755573801,0.3256062157987404,0.7448979591836735
Logistic Regression,1,0.75,0.5854228510073896,0.2941978918191169,0.5544217687074829
Gradient Boosting,1,0.75,0.5618013010800227,0.2781639594678715,0.6938775510204082
Random Forest,1,0.75,0.6013389755573801,0.3256062157987404,0.7448979591836735
Logistic Regression,1,0.75,0.5854228510073896,0.2941978918191169,0.5544217687074829
Gradient Boosting,1,0.75,0.5618013010800227,0.2781639594678715,0.6938775510204082
Random Forest,2,0.75,0.5839070296216764,0.2994333123928667,0.7448979591836735
Logistic Regression,2,0.75,0.5839070296216762,0.2916531255782797,0.6666666666666666
Gradient Boosting,2,0.75,0.58074906840144,0.2966358473142695,0.717687074829932
Random Forest,2,0.75,0.5839070296216764,0.2994333123928667,0.7448979591836735
Logistic Regression,2,0.75,0.5839070296216762,0.2916531255782797,0.6666666666666666
Gradient Boosting,2,0.75,0.58074906840144,0.2966358473142695,0.717687074829932
Random Forest,2,0.75,0.5839070296216764,0.2994333123928667,0.7448979591836735
Logistic Regression,2,0.75,0.5839070296216762,0.2916531255782797,0.6666666666666666
Gradient Boosting,2,0.75,0.58074906840144,0.2966358473142695,0.717687074829932
Random Forest,3,0.75,0.5688751342133519,0.3129505032377084,0.7551020408163265
Logistic Regression,3,0.75,0.4863891871407819,0.2380679074036176,0.54421768707483
Gradient Boosting,3,0.75,0.5191688246068338,0.285214722270967,0.7312925170068028
Random Forest,3,0.75,0.5688751342133519,0.3129505032377084,0.7551020408163265
Logistic Regression,3,0.75,0.4863891871407819,0.2380679074036176,0.54421768707483
Gradient Boosting,3,0.75,0.5191688246068338,0.285214722270967,0.7312925170068028
Random Forest,3,0.75,0.5688751342133519,0.3129505032377084,0.7551020408163265
Logistic Regression,3,0.75,0.4863891871407819,0.2380679074036176,0.54421768707483
Gradient Boosting,3,0.75,0.5191688246068338,0.285214722270967,0.7312925170068028
Random Forest,4,0.75,0.5399797890481904,0.2844227470730423,0.7517006802721088
Logistic Regression,4,0.75,0.5461378134276511,0.2735873494809442,0.5918367346938775
Gradient Boosting,4,0.75,0.5237794479883787,0.2999249495792693,0.6938775510204082
Random Forest,4,0.75,0.5399797890481904,0.2844227470730423,0.7517006802721088
Logistic Regression,4,0.75,0.5461378134276511,0.2735873494809442,0.5918367346938775
Gradient Boosting,4,0.75,0.5237794479883787,0.2999249495792693,0.6938775510204082
Random Forest,4,0.75,0.5399797890481904,0.2844227470730423,0.7517006802721088
Logistic Regression,4,0.75,0.5461378134276511,0.2735873494809442,0.5918367346938775
Gradient Boosting,4,0.75,0.5237794479883787,0.2999249495792693,0.6938775510204082
Random Forest,5,0.75,0.634465988757658,0.3427558080887428,0.7517006802721088
Logistic Regression,5,0.75,0.582580685909177,0.3062026836973849,0.5884353741496599
Gradient Boosting,5,0.75,0.6187077622686793,0.2989338576660327,0.6904761904761905
Random Forest,5,0.75,0.634465988757658,0.3427558080887428,0.7517006802721088
Logistic Regression,5,0.75,0.582580685909177,0.3062026836973849,0.5884353741496599
Gradient Boosting,5,0.75,0.6187077622686793,0.2989338576660327,0.6904761904761905
Random Forest,5,0.75,0.634465988757658,0.3427558080887428,0.7517006802721088
Logistic Regression,5,0.75,0.582580685909177,0.3062026836973849,0.5884353741496599
Gradient Boosting,5,0.75,0.6187077622686793,0.2989338576660327,0.6904761904761905
Random Forest,21,0.75,0.550148424177351,0.3494871301740526,0.7619047619047619
Logistic Regression,21,0.75,0.5384323880502748,0.3001112492260533,0.5510204081632653
Gradient Boosting,21,0.75,0.5336322869955158,0.286439414779853,0.7074829931972789
Random Forest,21,0.75,0.550148424177351,0.3494871301740526,0.7619047619047619
Logistic Regression,21,0.75,0.5384323880502748,0.3001112492260533,0.5510204081632653
Gradient Boosting,21,0.75,0.5336322869955158,0.286439414779853,0.7074829931972789
Random Forest,21,0.75,0.550148424177351,0.3494871301740526,0.7619047619047619
Logistic Regression,21,0.75,0.5384323880502748,0.3001112492260533,0.5510204081632653
Gradient Boosting,21,0.75,0.5336322869955158,0.286439414779853,0.7074829931972789
Random Forest,42,0.75,0.6026021600454746,0.3963303582438748,0.7585034013605442
Logistic Regression,42,0.75,0.5852965325585802,0.3391700365908351,0.5578231292517006
Gradient Boosting,42,0.75,0.5747489420829912,0.3383946482698152,0.7108843537414966
Random Forest,42,0.75,0.6026021600454746,0.3963303582438748,0.7585034013605442
Logistic Regression,42,0.75,0.5852965325585802,0.3391700365908351,0.5578231292517006
Gradient Boosting,42,0.75,0.5747489420829912,0.3383946482698152,0.7108843537414966
Random Forest,42,0.75,0.6026021600454746,0.3963303582438748,0.7585034013605442
Logistic Regression,42,0.75,0.5852965325585802,0.3391700365908351,0.5578231292517006
Gradient Boosting,42,0.75,0.5747489420829912,0.3383946482698152,0.7108843537414966
Random Forest,0,0.8,0.5402509438152343,0.2725162100056546,0.7507987220447284
Logistic Regression,0,0.8,0.5445258716411282,0.2644415785552294,0.5878594249201278
Gradient Boosting,0,0.8,0.5144348212302908,0.2601800293290119,0.6613418530351438
Random Forest,0,0.8,0.5402509438152343,0.2725162100056546,0.7507987220447284
Logistic Regression,0,0.8,0.5445258716411282,0.2644415785552294,0.5878594249201278
Gradient Boosting,0,0.8,0.5144348212302908,0.2601800293290119,0.6613418530351438
Random Forest,0,0.8,0.5402509438152343,0.2725162100056546,0.7507987220447284
Logistic Regression,0,0.8,0.5445258716411282,0.2644415785552294,0.5878594249201278
Gradient Boosting,0,0.8,0.5144348212302908,0.2601800293290119,0.6613418530351438
Random Forest,1,0.8,0.6065123251165889,0.3082148670341793,0.744408945686901
Logistic Regression,1,0.8,0.5432489451476793,0.2966499354350096,0.597444089456869
Gradient Boosting,1,0.8,0.6117588274483678,0.3229877800888558,0.6996805111821086
Random Forest,1,0.8,0.6065123251165889,0.3082148670341793,0.744408945686901
Logistic Regression,1,0.8,0.5432489451476793,0.2966499354350096,0.597444089456869
Gradient Boosting,1,0.8,0.6117588274483678,0.3229877800888558,0.6996805111821086
Random Forest,1,0.8,0.6065123251165889,0.3082148670341793,0.744408945686901
Logistic Regression,1,0.8,0.5432489451476793,0.2966499354350096,0.597444089456869
Gradient Boosting,1,0.8,0.6117588274483678,0.3229877800888558,0.6996805111821086
Random Forest,2,0.8,0.5893015767266266,0.3057600202448238,0.731629392971246
Logistic Regression,2,0.8,0.5662891405729514,0.284976363927012,0.645367412140575
Gradient Boosting,2,0.8,0.5836109260493005,0.2922552788925605,0.7124600638977636
Random Forest,2,0.8,0.5893015767266266,0.3057600202448238,0.731629392971246
Logistic Regression,2,0.8,0.5662891405729514,0.284976363927012,0.645367412140575
Gradient Boosting,2,0.8,0.5836109260493005,0.2922552788925605,0.7124600638977636
Random Forest,2,0.8,0.5893015767266266,0.3057600202448238,0.731629392971246
Logistic Regression,2,0.8,0.5662891405729514,0.284976363927012,0.645367412140575
Gradient Boosting,2,0.8,0.5836109260493005,0.2922552788925605,0.7124600638977636
Random Forest,3,0.8,0.5887463912946924,0.3658375100118156,0.7603833865814696
Logistic Regression,3,0.8,0.5470242060848324,0.2931292047157626,0.6166134185303515
Gradient Boosting,3,0.8,0.5073839662447258,0.2781715033402562,0.7060702875399361
Random Forest,3,0.8,0.5887463912946924,0.3658375100118156,0.7603833865814696
Logistic Regression,3,0.8,0.5470242060848324,0.2931292047157626,0.6166134185303515
Gradient Boosting,3,0.8,0.5073839662447258,0.2781715033402562,0.7060702875399361
Random Forest,3,0.8,0.5887463912946924,0.3658375100118156,0.7603833865814696
Logistic Regression,3,0.8,0.5470242060848324,0.2931292047157626,0.6166134185303515
Gradient Boosting,3,0.8,0.5073839662447258,0.2781715033402562,0.7060702875399361
Random Forest,4,0.8,0.542221852098601,0.3226155970663553,0.7539936102236422
Logistic Regression,4,0.8,0.5279258272262936,0.2829619404965979,0.5750798722044729
Gradient Boosting,4,0.8,0.5173217854763491,0.2690295750056573,0.6964856230031949
Random Forest,4,0.8,0.542221852098601,0.3226155970663553,0.7539936102236422
Logistic Regression,4,0.8,0.5279258272262936,0.2829619404965979,0.5750798722044729
Gradient Boosting,4,0.8,0.5173217854763491,0.2690295750056573,0.6964856230031949
Random Forest,4,0.8,0.542221852098601,0.3226155970663553,0.7539936102236422
Logistic Regression,4,0.8,0.5279258272262936,0.2829619404965979,0.5750798722044729
Gradient Boosting,4,0.8,0.5173217854763491,0.2690295750056573,0.6964856230031949
Random Forest,5,0.8,0.6058738618698645,0.3205374962780059,0.7476038338658147
Logistic Regression,5,0.8,0.5647901399067289,0.2806405430895982,0.6006389776357828
Gradient Boosting,5,0.8,0.513268931823229,0.257813631050133,0.6932907348242812
Random Forest,5,0.8,0.6058738618698645,0.3205374962780059,0.7476038338658147
Logistic Regression,5,0.8,0.5647901399067289,0.2806405430895982,0.6006389776357828
Gradient Boosting,5,0.8,0.513268931823229,0.257813631050133,0.6932907348242812
Random Forest,5,0.8,0.6058738618698645,0.3205374962780059,0.7476038338658147
Logistic Regression,5,0.8,0.5647901399067289,0.2806405430895982,0.6006389776357828
Gradient Boosting,5,0.8,0.513268931823229,0.257813631050133,0.6932907348242812
Random Forest,21,0.8,0.5949644681323563,0.3681511532141515,0.7507987220447284
Logistic Regression,21,0.8,0.5661225849433711,0.2903188133057068,0.5399361022364217
Gradient Boosting,21,0.8,0.5671774372640462,0.3196372645437602,0.6805111821086262
Random Forest,21,0.8,0.5949644681323563,0.3681511532141515,0.7507987220447284
Logistic Regression,21,0.8,0.5661225849433711,0.2903188133057068,0.5399361022364217
Gradient Boosting,21,0.8,0.5671774372640462,0.3196372645437602,0.6805111821086262
Random Forest,21,0.8,0.5949644681323563,0.3681511532141515,0.7507987220447284
Logistic Regression,21,0.8,0.5661225849433711,0.2903188133057068,0.5399361022364217
Gradient Boosting,21,0.8,0.5671774372640462,0.3196372645437602,0.6805111821086262
Random Forest,42,0.8,0.6160615145458582,0.3592826106748065,0.7348242811501597
Logistic Regression,42,0.8,0.5970464135021096,0.3266075847863071,0.5878594249201278
Gradient Boosting,42,0.8,0.5636797690428603,0.3088556199518954,0.7156549520766773
Random Forest,42,0.8,0.6160615145458582,0.3592826106748065,0.7348242811501597
Logistic Regression,42,0.8,0.5970464135021096,0.3266075847863071,0.5878594249201278
Gradient Boosting,42,0.8,0.5636797690428603,0.3088556199518954,0.7156549520766773
Random Forest,42,0.8,0.6160615145458582,0.3592826106748065,0.7348242811501597
Logistic Regression,42,0.8,0.5970464135021096,0.3266075847863071,0.5878594249201278
Gradient Boosting,42,0.8,0.5636797690428603,0.3088556199518954,0.7156549520766773
Random Forest,0,0.9,0.5282173456898059,0.264582315655456,0.7357954545454546
Logistic Regression,0,0.9,0.5517135862913096,0.2787902929238789,0.6392045454545454
Gradient Boosting,0,0.9,0.507562510928484,0.285692591528744,0.7301136363636364
Random Forest,0,0.9,0.5282173456898059,0.264582315655456,0.7357954545454546
Logistic Regression,0,0.9,0.5517135862913096,0.2787902929238789,0.6392045454545454
Gradient Boosting,0,0.9,0.507562510928484,0.285692591528744,0.7301136363636364
Random Forest,0,0.9,0.5282173456898059,0.264582315655456,0.7357954545454546
Logistic Regression,0,0.9,0.5517135862913096,0.2787902929238789,0.6392045454545454
Gradient Boosting,0,0.9,0.507562510928484,0.285692591528744,0.7301136363636364
Random Forest,1,0.9,0.5000218569680014,0.2435761333524047,0.7329545454545454
Logistic Regression,1,0.9,0.4409424724602203,0.2311117143851684,0.5170454545454546
Gradient Boosting,1,0.9,0.4941641895436265,0.2460473380815583,0.6392045454545454
Random Forest,1,0.9,0.5000218569680014,0.2435761333524047,0.7329545454545454
Logistic Regression,1,0.9,0.4409424724602203,0.2311117143851684,0.5170454545454546
Gradient Boosting,1,0.9,0.4941641895436265,0.2460473380815583,0.6392045454545454
Random Forest,1,0.9,0.5000218569680014,0.2435761333524047,0.7329545454545454
Logistic Regression,1,0.9,0.4409424724602203,0.2311117143851684,0.5170454545454546
Gradient Boosting,1,0.9,0.4941641895436265,0.2460473380815583,0.6392045454545454
Random Forest,2,0.9,0.5455717782829166,0.267079876668115,0.7414772727272727
Logistic Regression,2,0.9,0.550139884595209,0.2718708677477066,0.6022727272727273
Gradient Boosting,2,0.9,0.5353208602902605,0.2654050136289178,0.6363636363636364
Random Forest,2,0.9,0.5455717782829166,0.267079876668115,0.7414772727272727
Logistic Regression,2,0.9,0.550139884595209,0.2718708677477066,0.6022727272727273
Gradient Boosting,2,0.9,0.5353208602902605,0.2654050136289178,0.6363636363636364
Random Forest,2,0.9,0.5455717782829166,0.267079876668115,0.7414772727272727
Logistic Regression,2,0.9,0.550139884595209,0.2718708677477066,0.6022727272727273
Gradient Boosting,2,0.9,0.5353208602902605,0.2654050136289178,0.6363636363636364
Random Forest,3,0.9,0.5328073089700995,0.2968705646629007,0.7528409090909091
Logistic Regression,3,0.9,0.5430582269627556,0.2900600346845725,0.6676136363636364
Gradient Boosting,3,0.9,0.5229279594334674,0.2777331433967003,0.7215909090909091
Random Forest,3,0.9,0.5328073089700995,0.2968705646629007,0.7528409090909091
Logistic Regression,3,0.9,0.5430582269627556,0.2900600346845725,0.6676136363636364
Gradient Boosting,3,0.9,0.5229279594334674,0.2777331433967003,0.7215909090909091
Random Forest,3,0.9,0.5328073089700995,0.2968705646629007,0.7528409090909091
Logistic Regression,3,0.9,0.5430582269627556,0.2900600346845725,0.6676136363636364
Gradient Boosting,3,0.9,0.5229279594334674,0.2777331433967003,0.7215909090909091
Random Forest,4,0.9,0.5038468263682462,0.2472359048045172,0.7386363636363636
Logistic Regression,4,0.9,0.4888966602552894,0.2481852698745521,0.6051136363636364
Gradient Boosting,4,0.9,0.5157807308970099,0.2562680636932121,0.7244318181818182
Random Forest,4,0.9,0.5038468263682462,0.2472359048045172,0.7386363636363636
Logistic Regression,4,0.9,0.4888966602552894,0.2481852698745521,0.6051136363636364
Gradient Boosting,4,0.9,0.5157807308970099,0.2562680636932121,0.7244318181818182
Random Forest,4,0.9,0.5038468263682462,0.2472359048045172,0.7386363636363636
Logistic Regression,4,0.9,0.4888966602552894,0.2481852698745521,0.6051136363636364
Gradient Boosting,4,0.9,0.5157807308970099,0.2562680636932121,0.7244318181818182
Random Forest,5,0.9,0.5003934254240252,0.2515056244369592,0.7414772727272727
Logistic Regression,5,0.9,0.4476307046686483,0.2203997013913513,0.6221590909090909
Gradient Boosting,5,0.9,0.4998688581919916,0.2628297133828244,0.6789772727272727
Random Forest,5,0.9,0.5003934254240252,0.2515056244369592,0.7414772727272727
Logistic Regression,5,0.9,0.4476307046686483,0.2203997013913513,0.6221590909090909
Gradient Boosting,5,0.9,0.4998688581919916,0.2628297133828244,0.6789772727272727
Random Forest,5,0.9,0.5003934254240252,0.2515056244369592,0.7414772727272727
Logistic Regression,5,0.9,0.4476307046686483,0.2203997013913513,0.6221590909090909
Gradient Boosting,5,0.9,0.4998688581919916,0.2628297133828244,0.6789772727272727
Random Forest,21,0.9,0.5653304773561811,0.3197756410454684,0.7443181818181818
Logistic Regression,21,0.9,0.5426210876027278,0.274617885735219,0.5397727272727273
Gradient Boosting,21,0.9,0.4804161566707466,0.2409119948641868,0.5653409090909091
Random Forest,21,0.9,0.5653304773561811,0.3197756410454684,0.7443181818181818
Logistic Regression,21,0.9,0.5426210876027278,0.274617885735219,0.5397727272727273
Gradient Boosting,21,0.9,0.4804161566707466,0.2409119948641868,0.5653409090909091
Random Forest,21,0.9,0.5653304773561811,0.3197756410454684,0.7443181818181818
Logistic Regression,21,0.9,0.5426210876027278,0.274617885735219,0.5397727272727273
Gradient Boosting,21,0.9,0.4804161566707466,0.2409119948641868,0.5653409090909091
Random Forest,42,0.9,0.5804117852771463,0.3272846573588264,0.75
Logistic Regression,42,0.9,0.5666637524042666,0.2767171430253421,0.5965909090909091
Gradient Boosting,42,0.9,0.5286763420178353,0.2695193243468252,0.65625
Random Forest,42,0.9,0.5804117852771463,0.3272846573588264,0.75
Logistic Regression,42,0.9,0.5666637524042666,0.2767171430253421,0.5965909090909091
Gradient Boosting,42,0.9,0.5286763420178353,0.2695193243468252,0.65625
Random Forest,42,0.9,0.5804117852771463,0.3272846573588264,0.75
Logistic Regression,42,0.9,0.5666637524042666,0.2767171430253421,0.5965909090909091
Gradient Boosting,42,0.9,0.5286763420178353,0.26951932434682524,0.65625
