model,random_state,test_size,n_epochs,batch_size,learning_rate,weight_decay,ROC-AUC,PR-AUC,Accuracy
NN+RF,42,0.3,50,16,0.0005,0.0001,0.6098411468423093,0.3904472443500217,0.7288135593220338
NN+RF,42,0.3,50,16,0.0005,0.0001,0.6005424254165054,0.3637727184682908,0.7711864406779662
NN+RF,42,0.3,50,16,0.0005,0.0001,0.6330879504068191,0.3858386795393981,0.7542372881355932
NN+RF,42,0.3,50,16,0.0005,0.0001,0.6534289035257653,0.4464219173014732,0.7288135593220338
NN+RF,42,0.3,50,16,0.0005,0.0001,0.6602092212320807,0.4295172100291268,0.7966101694915254
NN+RF,42,0.3,50,32,0.0005,0.0001,0.5612165827198761,0.3636574889879492,0.7288135593220338
NN+RF,42,0.3,50,32,0.0005,0.0001,0.5625726462611391,0.3504620799987806,0.7203389830508474
NN+RF,42,0.3,50,32,0.0005,0.0001,0.6239829523440528,0.4547643205583305,0.7627118644067796
NN+RF,42,0.3,50,32,0.0005,0.0001,0.5749709414955444,0.3844379578857063,0.7542372881355932
NN+RF,42,0.3,50,32,0.0005,0.0001,0.6185586981790004,0.3711205251502587,0.7457627118644068
NN+RF,42,0.3,50,32,0.0005,1e-08,0.5745834947694692,0.3515425975831222,0.7542372881355932
NN+RF,42,0.3,50,32,0.0005,1e-08,0.5945370011623401,0.358010064222092,0.7457627118644068
NN+RF,42,0.3,50,32,0.0005,1e-08,0.6015110422316932,0.4270241603984949,0.7372881355932204
NN+RF,42,0.3,50,32,0.0005,1e-08,0.6160402944595119,0.4059184174306842,0.7372881355932204
NN+RF,42,0.3,50,32,0.0005,1e-08,0.592793490895002,0.3767729034055525,0.7627118644067796
NN+RF,42,0.3,50,16,0.0005,1e-08,0.5532739248353351,0.3450527555346165,0.7796610169491526
NN+RF,42,0.3,50,16,0.0005,1e-08,0.6117783804726848,0.3773134170232726,0.7457627118644068
NN+RF,42,0.3,50,16,0.0005,1e-08,0.6327005036807439,0.4159170268219566,0.7627118644067796
NN+RF,42,0.3,50,16,0.0005,1e-08,0.5829135993800852,0.3403853627399511,0.7372881355932204
NN+RF,42,0.3,50,16,0.0005,1e-08,0.5831073227431228,0.3852573687369836,0.7288135593220338
NN+RF,42,0.2,50,16,0.0001,0.0001,0.4802631578947368,0.2858913882930527,0.7215189873417721
NN+RF,42,0.2,50,16,0.0001,0.0001,0.5469298245614035,0.2870290270130359,0.7215189873417721
NN+RF,42,0.2,50,16,0.0001,0.0001,0.5074561403508772,0.3330144791262708,0.7341772151898734
NN+RF,0,0.5,50,16,0.0001,0.0001,0.5178068693693694,0.2856520977605926,0.7551020408163265
NN+RF,0,0.5,50,16,0.0001,0.0001,0.5780546171171171,0.3317006881712749,0.7142857142857143
NN+RF,0,0.5,50,16,0.0001,0.0001,0.5180180180180181,0.2954431766164909,0.7193877551020408
NN+RF,1,0.5,50,16,0.0001,0.0001,0.4988034909909909,0.2500853842607425,0.7142857142857143
NN+RF,1,0.5,50,16,0.0001,0.0001,0.5777730855855856,0.3550461218536204,0.7602040816326531
NN+RF,1,0.5,50,16,0.0001,0.0001,0.5370213963963963,0.3320757506597684,0.75
NN+RF,2,0.5,50,16,0.0001,0.0001,0.5599662162162162,0.2957326554726345,0.7193877551020408
NN+RF,2,0.5,50,16,0.0001,0.0001,0.4941582207207207,0.2413578530407852,0.6989795918367347
NN+RF,2,0.5,50,16,0.0001,0.0001,0.5612331081081081,0.3013296837659034,0.7346938775510204
NN+RF,3,0.5,50,16,0.0001,0.0001,0.5295608108108109,0.2827060927504221,0.7091836734693877
NN+RF,3,0.5,50,16,0.0001,0.0001,0.4865568693693693,0.2377142397731212,0.7193877551020408
NN+RF,3,0.5,50,16,0.0001,0.0001,0.5042933558558558,0.240960959427109,0.7244897959183674
NN+RF,4,0.5,50,16,0.0001,0.0001,0.512598536036036,0.2519834351718548,0.6887755102040817
NN+RF,4,0.5,50,16,0.0001,0.0001,0.5722832207207207,0.2888737936871587,0.6989795918367347
NN+RF,4,0.5,50,16,0.0001,0.0001,0.5356841216216217,0.3063267786294686,0.7295918367346939
NN+RF,5,0.5,50,16,0.0001,0.0001,0.5230855855855856,0.2540297485285382,0.6989795918367347
NN+RF,5,0.5,50,16,0.0001,0.0001,0.5344876126126126,0.3507598961186359,0.7142857142857143
NN+RF,5,0.5,50,16,0.0001,0.0001,0.5646818693693694,0.3041393924803316,0.7244897959183674
NN+RF,21,0.5,50,16,0.0001,0.0001,0.4923282657657657,0.2778023200888283,0.7448979591836735
NN+RF,21,0.5,50,16,0.0001,0.0001,0.4858530405405405,0.2502719871928304,0.7295918367346939
NN+RF,21,0.5,50,16,0.0001,0.0001,0.5285050675675677,0.3162679378988586,0.7193877551020408
NN+RF,42,0.5,50,16,0.0001,0.0001,0.5912162162162162,0.3330077600454125,0.7193877551020408
NN+RF,42,0.5,50,16,0.0001,0.0001,0.5955799549549549,0.3846213235217519,0.7142857142857143
NN+RF,42,0.5,50,16,0.0001,0.0001,0.5720016891891891,0.3617332613539271,0.7653061224489796
NN+RF,0,0.6,50,16,0.0001,0.0001,0.5604178986792825,0.2813484061574153,0.7148936170212766
NN+RF,0,0.6,50,16,0.0001,0.0001,0.4355410999408634,0.2368674268917112,0.7191489361702128
NN+RF,0,0.6,50,16,0.0001,0.0001,0.4978809383008082,0.24546421552904,0.7191489361702128
NN+RF,1,0.6,50,16,0.0001,0.0001,0.5059629410605164,0.2574468466085091,0.7148936170212766
NN+RF,1,0.6,50,16,0.0001,0.0001,0.5559826532623695,0.3006289108374149,0.7191489361702128
NN+RF,1,0.6,50,16,0.0001,0.0001,0.5331657796175834,0.2925057973697454,0.7446808510638298
NN+RF,2,0.6,50,16,0.0001,0.0001,0.5676128523556081,0.2915787056330605,0.7319148936170212
NN+RF,2,0.6,50,16,0.0001,0.0001,0.5869308101714963,0.3087539525842048,0.7361702127659574
NN+RF,2,0.6,50,16,0.0001,0.0001,0.5052730139956634,0.3002218551123489,0.7063829787234043
NN+RF,3,0.6,50,16,0.0001,0.0001,0.5323280110388331,0.2757412261027423,0.7404255319148936
NN+RF,3,0.6,50,16,0.0001,0.0001,0.5167060910703725,0.2537833802741633,0.7191489361702128
NN+RF,3,0.6,50,16,0.0001,0.0001,0.5355805243445693,0.2763048142838914,0.7106382978723405
NN+RF,4,0.6,50,16,0.0001,0.0001,0.5297161442933175,0.3102944372232507,0.7276595744680852
NN+RF,4,0.6,50,16,0.0001,0.0001,0.4926572048097772,0.2478989964180533,0.7319148936170212
NN+RF,4,0.6,50,16,0.0001,0.0001,0.4988172678888231,0.3078708031483627,0.7489361702127659
NN+RF,5,0.6,50,16,0.0001,0.0001,0.5245909718115513,0.2687360427226827,0.6893617021276596
NN+RF,5,0.6,50,16,0.0001,0.0001,0.5236546422235363,0.3092286108435006,0.7489361702127659
NN+RF,5,0.6,50,16,0.0001,0.0001,0.5229154346540508,0.2771762597292261,0.7319148936170212
NN+RF,21,0.6,50,16,0.0001,0.0001,0.5288290952099349,0.2834730526838306,0.7148936170212766
NN+RF,21,0.6,50,16,0.0001,0.0001,0.541050660358762,0.3135376681403482,0.7489361702127659
NN+RF,21,0.6,50,16,0.0001,0.0001,0.5518430908732506,0.2910790985229773,0.7404255319148936
NN+RF,42,0.6,50,16,0.0001,0.0001,0.5340528287009659,0.2714425916404608,0.7063829787234043
NN+RF,42,0.6,50,16,0.0001,0.0001,0.5359254878769958,0.2729025155520345,0.7319148936170212
NN+RF,42,0.6,50,16,0.0001,0.0001,0.537699586043761,0.2581633324224261,0.7489361702127659
NN+RF,42,0.7,50,16,0.0001,0.0001,0.5222438531977793,0.2564460923675482,0.7226277372262774
NN+RF,42,0.7,50,16,0.0001,0.0001,0.5685701925156825,0.3306214907882096,0.7481751824817519
NN+RF,42,0.7,50,16,0.0001,0.0001,0.5156824572788232,0.2691518335084769,0.7153284671532847
NN+RF,42,0.8,50,16,0.0001,0.0001,0.5643737508327782,0.2942458270446063,0.731629392971246
NN+RF,42,0.8,50,16,0.0001,0.0001,0.520625138796358,0.2790921385221182,0.744408945686901
NN+RF,42,0.8,50,16,0.0001,0.0001,0.509493670886076,0.2817795181175508,0.7124600638977636
NN+RF,0,0.9,50,16,0.0001,0.0001,0.4677391152299353,0.2307661092577405,0.7244318181818182
NN+RF,0,0.9,50,16,0.0001,0.0001,0.4369645042839657,0.2116188600368635,0.7017045454545454
NN+RF,0,0.9,50,16,0.0001,0.0001,0.4807440111907676,0.2293076530526876,0.7102272727272727
NN+RF,1,0.9,50,16,0.0001,0.0001,0.5384026927784578,0.2530220179063907,0.6647727272727273
NN+RF,1,0.9,50,16,0.0001,0.0001,0.533266305298129,0.2515459673066677,0.6875
NN+RF,1,0.9,50,16,0.0001,0.0001,0.4989945794719356,0.2617523506587777,0.7045454545454546
NN+RF,2,0.9,50,16,0.0001,0.0001,0.4811374366147927,0.2436870682384231,0.7102272727272727
NN+RF,2,0.9,50,16,0.0001,0.0001,0.5054423850323483,0.2362116487708312,0.6647727272727273
NN+RF,2,0.9,50,16,0.0001,0.0001,0.4647009966777409,0.2300560353594449,0.7045454545454546
NN+RF,3,0.9,50,16,0.0001,0.0001,0.4773780381185522,0.2355207759940828,0.7073863636363636
NN+RF,3,0.9,50,16,0.0001,0.0001,0.4982514425598881,0.2428887465820639,0.6761363636363636
NN+RF,3,0.9,50,16,0.0001,0.0001,0.5222285364574226,0.2577463042111985,0.6505681818181818
NN+RF,4,0.9,50,16,0.0001,0.0001,0.5392988284665151,0.2822287677675091,0.7045454545454546
NN+RF,4,0.9,50,16,0.0001,0.0001,0.465968700821822,0.2307870026209204,0.7244318181818182
NN+RF,4,0.9,50,16,0.0001,0.0001,0.5013114180800838,0.2748596623010665,0.7102272727272727
NN+RF,5,0.9,50,16,0.0001,0.0001,0.4916069242874628,0.2541951546528941,0.6960227272727273
NN+RF,5,0.9,50,16,0.0001,0.0001,0.4747552019583843,0.2265076548966093,0.7272727272727273
NN+RF,5,0.9,50,16,0.0001,0.0001,0.4985792970799091,0.2431657734778232,0.7073863636363636
NN+RF,21,0.9,50,16,0.0001,0.0001,0.5065570904004197,0.2386775291527745,0.7017045454545454
NN+RF,21,0.9,50,16,0.0001,0.0001,0.523780381185522,0.2799692854920403,0.71875
NN+RF,21,0.9,50,16,0.0001,0.0001,0.4996940024479804,0.2592156617296056,0.7443181818181818
NN+RF,42,0.9,50,16,0.0001,0.0001,0.5376376988984088,0.2664409683945622,0.7329545454545454
NN+RF,42,0.9,50,16,0.0001,0.0001,0.4545593635250917,0.2256319315807808,0.6903409090909091
NN+RF,42,0.9,50,16,0.0001,0.0001,0.5931325406539605,0.3200031068453414,0.7244318181818182
NN+RF,0,0.33,50,16,0.0001,0.0001,0.5634566326530612,0.297401840633824,0.7307692307692307
NN+RF,0,0.33,50,16,0.0001,0.0001,0.6825573979591836,0.4606176434763445,0.7692307692307693
NN+RF,0,0.33,50,16,0.0001,0.0001,0.647640306122449,0.3323986607525239,0.7230769230769231
NN+RF,1,0.33,50,16,0.0001,0.0001,0.5103635204081632,0.2594527355564616,0.7307692307692307
NN+RF,1,0.33,50,16,0.0001,0.0001,0.4596619897959184,0.2409078631249102,0.7461538461538462
NN+RF,1,0.33,50,16,0.0001,0.0001,0.5868941326530612,0.3127082349340533,0.7307692307692307
NN+RF,2,0.33,50,16,0.0001,0.0001,0.5382653061224489,0.3532901495234489,0.7307692307692307
NN+RF,2,0.33,50,16,0.0001,0.0001,0.5277423469387755,0.277035986374825,0.7307692307692307
NN+RF,2,0.33,50,16,0.0001,0.0001,0.6146364795918366,0.4384956114087553,0.7846153846153846
NN+RF,3,0.33,50,16,0.0001,0.0001,0.5507015306122449,0.2867581532221936,0.7230769230769231
NN+RF,3,0.33,50,16,0.0001,0.0001,0.5030293367346939,0.3681966833781667,0.7692307692307693
NN+RF,3,0.33,50,16,0.0001,0.0001,0.4933035714285714,0.2718982580401669,0.7384615384615385
NN+RF,4,0.33,50,16,0.0001,0.0001,0.6259566326530612,0.4622416839300873,0.7538461538461538
NN+RF,4,0.33,50,16,0.0001,0.0001,0.5637755102040817,0.4286662330652516,0.7692307692307693
NN+RF,4,0.33,50,16,0.0001,0.0001,0.5712691326530612,0.3784609976478194,0.7615384615384615
NN+RF,5,0.33,50,16,0.0001,0.0001,0.5476721938775511,0.3421252694124717,0.7615384615384615
NN+RF,5,0.33,50,16,0.0001,0.0001,0.6253188775510204,0.3153143496326548,0.7230769230769231
NN+RF,5,0.33,50,16,0.0001,0.0001,0.5691964285714286,0.296054308100129,0.7538461538461538
NN+RF,21,0.33,50,16,0.0001,0.0001,0.5696747448979592,0.2779035738118255,0.7
NN+RF,21,0.33,50,16,0.0001,0.0001,0.6403061224489796,0.3801751302271958,0.7384615384615385
NN+RF,21,0.33,50,16,0.0001,0.0001,0.4751275510204082,0.268170103195096,0.7153846153846154
NN+RF,42,0.33,50,16,0.0001,0.0001,0.5224808673469389,0.30785971148374,0.7538461538461538
NN+RF,42,0.33,50,16,0.0001,0.0001,0.4928252551020408,0.2812306251256983,0.7230769230769231
NN+RF,42,0.33,50,16,0.0001,0.0001,0.5444834183673469,0.2725137449869623,0.7307692307692307
NN+RF,0,0.66,50,16,0.0001,0.0001,0.3960560414642047,0.2034531734598682,0.7413127413127413
NN+RF,0,0.66,50,16,0.0001,0.0001,0.5315030774214446,0.2765346974375905,0.7413127413127413
NN+RF,0,0.66,50,16,0.0001,0.0001,0.5763281503077422,0.3285238178215434,0.7606177606177607
NN+RF,1,0.66,50,16,0.0001,0.0001,0.5750728862973761,0.358878331624413,0.7567567567567568
NN+RF,1,0.66,50,16,0.0001,0.0001,0.4506802721088436,0.2296594461349544,0.7374517374517374
NN+RF,1,0.66,50,16,0.0001,0.0001,0.5008908325234855,0.2641410755215433,0.7451737451737451
NN+RF,2,0.66,50,16,0.0001,0.0001,0.4848153547133139,0.2594242280665791,0.7374517374517374
NN+RF,2,0.66,50,16,0.0001,0.0001,0.5650712666018788,0.2966175643813546,0.7374517374517374
NN+RF,2,0.66,50,16,0.0001,0.0001,0.4979753806284418,0.2899153381594024,0.7644787644787645
NN+RF,3,0.66,50,16,0.0001,0.0001,0.5094752186588921,0.2721927897056235,0.7413127413127413
NN+RF,3,0.66,50,16,0.0001,0.0001,0.4721412374473598,0.254745524775986,0.7104247104247104
NN+RF,3,0.66,50,16,0.0001,0.0001,0.5815516682863622,0.2913875456982435,0.7297297297297297
NN+RF,4,0.66,50,16,0.0001,0.0001,0.5225947521865888,0.2623237551956816,0.7181467181467182
NN+RF,4,0.66,50,16,0.0001,0.0001,0.5705782312925171,0.2827061346026984,0.749034749034749
NN+RF,4,0.66,50,16,0.0001,0.0001,0.5596047942986719,0.2753574349461229,0.7297297297297297
NN+RF,5,0.66,50,16,0.0001,0.0001,0.522149335924846,0.2832503891488219,0.7451737451737451
NN+RF,5,0.66,50,16,0.0001,0.0001,0.5560009718172985,0.3043588011688205,0.7374517374517374
NN+RF,5,0.66,50,16,0.0001,0.0001,0.511175898931001,0.2676920007083854,0.7142857142857143
NN+RF,21,0.66,50,16,0.0001,0.0001,0.5243764172335601,0.263400058612037,0.7104247104247104
NN+RF,21,0.66,50,16,0.0001,0.0001,0.5296809199870425,0.2789728103550594,0.7297297297297297
NN+RF,21,0.66,50,16,0.0001,0.0001,0.5084224165856819,0.2889073635145843,0.7142857142857143
NN+RF,42,0.66,50,16,0.0001,0.0001,0.51392938127632,0.2548849814078351,0.7297297297297297
NN+RF,42,0.66,50,16,0.0001,0.0001,0.5141318432134758,0.2726554617090947,0.7374517374517374
NN+RF,42,0.66,50,16,0.0001,0.0001,0.5295594428247489,0.2555370120175763,0.6988416988416989
NN+RF,0,0.75,50,16,0.0001,0.0001,0.4727467946693613,0.2372396752010814,0.7108843537414966
NN+RF,0,0.75,50,16,0.0001,0.0001,0.4379460620223583,0.2131878684164537,0.6904761904761905
NN+RF,0,0.75,50,16,0.0001,0.0001,0.5293374597359944,0.2778666585057917,0.7278911564625851
NN+RF,1,0.75,50,16,0.0001,0.0001,0.4973788921872039,0.2633958400777445,0.7517006802721088
NN+RF,1,0.75,50,16,0.0001,0.0001,0.5636960778121644,0.2837849022177102,0.7346938775510204
NN+RF,1,0.75,50,16,0.0001,0.0001,0.5335375481589086,0.2710087165074557,0.7414965986394558
NN+RF,2,0.75,50,16,0.0001,0.0001,0.4858839133455441,0.2404241387108612,0.717687074829932
NN+RF,2,0.75,50,16,0.0001,0.0001,0.5332533316490873,0.2600636316052647,0.7517006802721088
NN+RF,2,0.75,50,16,0.0001,0.0001,0.5444009347565212,0.2808261450071229,0.7482993197278912
NN+RF,3,0.75,50,16,0.0001,0.0001,0.5355270637276575,0.2633466486874982,0.7312925170068028
NN+RF,3,0.75,50,16,0.0001,0.0001,0.5597486262868692,0.2857555811587484,0.7380952380952381
NN+RF,3,0.75,50,16,0.0001,0.0001,0.6130865912966589,0.3369122315765587,0.7312925170068028
NN+RF,4,0.75,50,16,0.0001,0.0001,0.4947577843744078,0.246067656657034,0.7448979591836735
NN+RF,4,0.75,50,16,0.0001,0.0001,0.5185688119749889,0.2991202207099482,0.7551020408163265
NN+RF,4,0.75,50,16,0.0001,0.0001,0.5928440598749447,0.3652979202689582,0.7585034013605442
NN+RF,5,0.75,50,16,0.0001,0.0001,0.5079896418871976,0.2469916027389237,0.7414965986394558
NN+RF,5,0.75,50,16,0.0001,0.0001,0.5437061832880693,0.2947434243718067,0.7414965986394558
NN+RF,5,0.75,50,16,0.0001,0.0001,0.5020210951809512,0.2445539564483389,0.7517006802721088
NN+RF,21,0.75,50,16,0.0001,0.0001,0.5342007200151583,0.3213344317244581,0.7312925170068028
NN+RF,21,0.75,50,16,0.0001,0.0001,0.4990526116339291,0.2666258965765643,0.7040816326530612
NN+RF,21,0.75,50,16,0.0001,0.0001,0.4907155940125055,0.2921352602785901,0.7278911564625851
NN+RF,42,0.75,50,16,0.0001,0.0001,0.5519800416850882,0.2977978302272165,0.7346938775510204
NN+RF,42,0.75,50,16,0.0001,0.0001,0.6196235710225477,0.3386534900005946,0.7312925170068028
NN+RF,42,0.75,50,16,0.0001,0.0001,0.5518221436240763,0.3206167454425376,0.7346938775510204
NN+RF,21,0.8,50,16,0.0001,0.0001,0.5797523872973573,0.2898680615808351,0.6964856230031949
NN+RF,21,0.8,50,16,0.0001,0.0001,0.5629857872529425,0.3168179450871995,0.7571884984025559
NN+RF,21,0.8,50,16,0.0001,0.0001,0.5395847212969132,0.2851743475579935,0.6964856230031949
NN+RF,5,0.8,50,16,0.0001,0.0001,0.4677437264046191,0.2341982059863583,0.7220447284345048
NN+RF,5,0.8,50,16,0.0001,0.0001,0.5388074616922053,0.2956772204592818,0.7348242811501597
NN+RF,5,0.8,50,16,0.0001,0.0001,0.5269264934488118,0.2754934778916261,0.744408945686901
NN+RF,4,0.8,50,16,0.0001,0.0001,0.4448700866089273,0.2345335408065533,0.7507987220447284
NN+RF,4,0.8,50,16,0.0001,0.0001,0.5066067066400177,0.2738455132405474,0.7539936102236422
NN+RF,4,0.8,50,16,0.0001,0.0001,0.5125749500333111,0.259074499064753,0.7380191693290735
NN+RF,3,0.8,50,16,0.0001,0.0001,0.5698700866089275,0.2867748120571103,0.7220447284345048
NN+RF,3,0.8,50,16,0.0001,0.0001,0.5659005107705974,0.3071256120450475,0.731629392971246
NN+RF,3,0.8,50,16,0.0001,0.0001,0.5190151010437487,0.2993251285539379,0.6932907348242812
NN+RF,2,0.8,50,16,0.0001,0.0001,0.5607650455252055,0.3272248204279851,0.7412140575079872
NN+RF,2,0.8,50,16,0.0001,0.0001,0.5602931379080613,0.2994345026054772,0.744408945686901
NN+RF,2,0.8,50,16,0.0001,0.0001,0.5377248500999335,0.2914727754580065,0.7539936102236422
NN+RF,1,0.8,50,16,0.0001,0.0001,0.5823895180990452,0.2981058681578212,0.7092651757188498
NN+RF,1,0.8,50,16,0.0001,0.0001,0.5239562513879635,0.2570939321775402,0.7476038338658147
NN+RF,1,0.8,50,16,0.0001,0.0001,0.4970575172107484,0.2813959935087258,0.7635782747603834
NN+RF,0,0.8,50,16,0.0001,0.0001,0.5420552964690206,0.2648383839272959,0.7124600638977636
NN+RF,0,0.8,50,16,0.0001,0.0001,0.4523095713968466,0.2308459922947953,0.6996805111821086
NN+RF,0,0.8,50,16,0.0001,0.0001,0.4746835443037974,0.2449348131142885,0.7252396166134185
NN+RF,0,0.3,50,16,0.0001,0.0001,0.6106160402944596,0.3548322499011091,0.7627118644067796
NN+RF,0,0.3,50,16,0.0001,0.0001,0.5530802014722975,0.2830561299077604,0.7288135593220338
NN+RF,0,0.3,50,16,0.0001,0.0001,0.5809763657497095,0.2844602468383145,0.711864406779661
NN+RF,0,0.3,50,16,0.0001,0.0001,0.6189461449050755,0.3712088644803391,0.7457627118644068
NN+RF,0,0.3,50,16,0.0001,0.0001,0.6596280511429677,0.4193331198515664,0.7711864406779662
NN+RF,1,0.3,50,16,0.0001,0.0001,0.6084850833010461,0.3544196398005931,0.7372881355932204
NN+RF,1,0.3,50,16,0.0001,0.0001,0.5030995738086014,0.2635169509900957,0.7288135593220338
NN+RF,1,0.3,50,16,0.0001,0.0001,0.5118171251452925,0.2616836415187454,0.7372881355932204
NN+RF,1,0.3,50,16,0.0001,0.0001,0.5166602092212321,0.3559799690894287,0.7627118644067796
NN+RF,1,0.3,50,16,0.0001,0.0001,0.6388996512979466,0.3788070533527625,0.7372881355932204
NN+RF,2,0.3,50,16,0.0001,0.0001,0.565865943432778,0.3693427376971429,0.7627118644067796
NN+RF,2,0.3,50,16,0.0001,0.0001,0.5081363812475784,0.2911012170881726,0.7457627118644068
NN+RF,2,0.3,50,16,0.0001,0.0001,0.6111972103835723,0.3277154056601455,0.7288135593220338
NN+RF,2,0.3,50,16,0.0001,0.0001,0.6803564509879891,0.4178922533354121,0.7711864406779662
NN+RF,2,0.3,50,16,0.0001,0.0001,0.604804339403332,0.3668659401590788,0.7542372881355932
NN+RF,3,0.3,50,16,0.0001,0.0001,0.5218907400232469,0.341279477478776,0.7627118644067796
NN+RF,3,0.3,50,16,0.0001,0.0001,0.5294459511817124,0.3629270984067074,0.7542372881355932
NN+RF,3,0.3,50,16,0.0001,0.0001,0.5701278574196048,0.33906962256717,0.7457627118644068
NN+RF,3,0.3,50,16,0.0001,0.0001,0.5647036032545525,0.2997304979962671,0.7372881355932204
NN+RF,3,0.3,50,16,0.0001,0.0001,0.5461061604029446,0.3433807126292759,0.7627118644067796
NN+RF,4,0.3,50,16,0.0001,0.0001,0.5629600929872143,0.2942720520419548,0.7457627118644068
NN+RF,4,0.3,50,16,0.0001,0.0001,0.4891514916698954,0.3171890552394574,0.7542372881355932
NN+RF,4,0.3,50,16,0.0001,0.0001,0.542231693142193,0.3518329051442861,0.7711864406779662
NN+RF,4,0.3,50,16,0.0001,0.0001,0.4571871367686944,0.247455783902177,0.7203389830508474
NN+RF,4,0.3,50,16,0.0001,0.0001,0.5309957380860132,0.3193242013305724,0.7372881355932204
NN+RF,5,0.3,50,16,0.0001,0.0001,0.650329329717164,0.3814918354367211,0.7542372881355932
NN+RF,5,0.3,50,16,0.0001,0.0001,0.5683843471522666,0.2982019904925238,0.7288135593220338
NN+RF,5,0.3,50,16,0.0001,0.0001,0.6199147617202635,0.3629447752321093,0.7372881355932204
NN+RF,5,0.3,50,16,0.0001,0.0001,0.5685780705153042,0.2897152543243184,0.7288135593220338
NN+RF,5,0.3,50,16,0.0001,0.0001,0.6111972103835723,0.3393915630480711,0.7203389830508474
NN+RF,21,0.3,50,16,0.0001,0.0001,0.5761332816737699,0.3252522405652759,0.7288135593220338
NN+RF,21,0.3,50,16,0.0001,0.0001,0.5178225493994576,0.2942232318918176,0.7542372881355932
NN+RF,21,0.3,50,16,0.0001,0.0001,0.4804339403332042,0.2474445224391957,0.7033898305084746
NN+RF,21,0.3,50,16,0.0001,0.0001,0.5156915924060442,0.2683807682776014,0.711864406779661
NN+RF,21,0.3,50,16,0.0001,0.0001,0.6007361487795428,0.3271380410589009,0.7457627118644068
NN+RF,21,0.7,50,16,0.0001,0.0001,0.5107794361525705,0.2681217220564854,0.6897810218978102
NN+RF,21,0.7,50,16,0.0001,0.0001,0.4503569110966905,0.2388685406730388,0.6861313868613139
NN+RF,21,0.7,50,16,0.0001,0.0001,0.5020909943038431,0.2801839626271169,0.7262773722627737
NN+RF,5,0.7,50,16,0.0001,0.0001,0.5889754127911169,0.3010521312967994,0.718978102189781
NN+RF,5,0.7,50,16,0.0001,0.0001,0.5109236426562838,0.2865962760767619,0.7481751824817519
NN+RF,5,0.7,50,16,0.0001,0.0001,0.5279400100944552,0.2499708467543772,0.7262773722627737
NN+RF,4,0.7,50,16,0.0001,0.0001,0.4627586704160357,0.2203291259074246,0.7299270072992701
NN+RF,4,0.7,50,16,0.0001,0.0001,0.5037133174706179,0.2481580445069451,0.7299270072992701
NN+RF,4,0.7,50,16,0.0001,0.0001,0.5111399524118538,0.2594208642815902,0.7408759124087592
NN+RF,3,0.7,50,16,0.0001,0.0001,0.4709423895017665,0.2504801302581107,0.718978102189781
NN+RF,3,0.7,50,16,0.0001,0.0001,0.5360155743024011,0.2930138505480321,0.718978102189781
NN+RF,3,0.7,50,16,0.0001,0.0001,0.4809647415098421,0.2509111671220078,0.7299270072992701
NN+RF,2,0.7,50,16,0.0001,0.0001,0.5930131948950899,0.3171034837213422,0.7518248175182481
NN+RF,2,0.7,50,16,0.0001,0.0001,0.4986300382147234,0.2657120011402791,0.7226277372262774
NN+RF,2,0.7,50,16,0.0001,0.0001,0.5161871800418198,0.2504285536486899,0.7335766423357665
NN+RF,1,0.7,50,16,0.0001,0.0001,0.5656860624414161,0.3118093641213996,0.7627737226277372
NN+RF,1,0.7,50,16,0.0001,0.0001,0.615905977359579,0.3113396613156556,0.7299270072992701
NN+RF,1,0.7,50,16,0.0001,0.0001,0.5589083567668902,0.3505526727071235,0.7481751824817519
NN+RF,0,0.7,50,16,0.0001,0.0001,0.4958180113923138,0.2785062283307174,0.7481751824817519
NN+RF,0,0.7,50,16,0.0001,0.0001,0.4567380488860048,0.2250853560119291,0.7043795620437956
NN+RF,0,0.7,50,16,0.0001,0.0001,0.4878145504362247,0.251282672740347,0.7262773722627737
NN+RF,0,0.2,50,16,0.0001,0.0001,0.6557017543859648,0.3867055725242008,0.759493670886076
NN+RF,0,0.2,50,16,0.0001,0.0001,0.5399122807017543,0.4040449590050751,0.7848101265822784
NN+RF,0,0.2,50,16,0.0001,0.0001,0.681140350877193,0.4057969061008594,0.7468354430379747
NN+RF,1,0.2,50,16,0.0001,0.0001,0.5460526315789473,0.2982815369763431,0.7215189873417721
NN+RF,1,0.2,50,16,0.0001,0.0001,0.5710526315789474,0.2964923342959039,0.7468354430379747
NN+RF,1,0.2,50,16,0.0001,0.0001,0.4508771929824561,0.2304852236749754,0.7088607594936709
NN+RF,2,0.2,50,16,0.0001,0.0001,0.6978070175438597,0.4538760867315549,0.7468354430379747
NN+RF,2,0.2,50,16,0.0001,0.0001,0.636842105263158,0.4762764418046926,0.7721518987341772
NN+RF,2,0.2,50,16,0.0001,0.0001,0.6175438596491228,0.3545865251308755,0.7468354430379747
NN+RF,3,0.2,50,16,0.0001,0.0001,0.5364035087719299,0.3649471758732407,0.7848101265822784
NN+RF,3,0.2,50,16,0.0001,0.0001,0.5526315789473684,0.3540145702121512,0.759493670886076
NN+RF,3,0.2,50,16,0.0001,0.0001,0.5008771929824561,0.33880138540635,0.7341772151898734
NN+RF,4,0.2,50,16,0.0001,0.0001,0.6530701754385965,0.4276078912676456,0.7848101265822784
NN+RF,4,0.2,50,16,0.0001,0.0001,0.5881578947368421,0.4137098417407416,0.7848101265822784
NN+RF,4,0.2,50,16,0.0001,0.0001,0.5903508771929825,0.4244232881519193,0.7974683544303798
NN+RF,5,0.2,50,16,0.0001,0.0001,0.718421052631579,0.4092798008571497,0.759493670886076
NN+RF,5,0.2,50,16,0.0001,0.0001,0.5881578947368421,0.3033886891183062,0.7341772151898734
NN+RF,5,0.2,50,16,0.0001,0.0001,0.643421052631579,0.3728333662252769,0.759493670886076
NN+RF,21,0.2,50,16,0.0001,0.0001,0.5421052631578946,0.2589249232862159,0.6708860759493671
NN+RF,21,0.2,50,16,0.0001,0.0001,0.5798245614035088,0.3213083772277535,0.7468354430379747
NN+RF,21,0.2,50,16,0.0001,0.0001,0.47412280701754383,0.26783617490404615,0.7088607594936709
