model,random_state,test_size,n_epochs,margin,batch_size,learning_rate,weight_decay,scheduler_step_size,scheduler_gamma,lambda_l1,ROC-AUC,PR-AUC,Accuracy,n_layers
Contrastive+Gating_tune,0,0.25,100,0.3,32,0.001,1e-08,300,0.01,0.1,0.5470181152045592,0.2942689222600541,0.659846547314578,1
Contrastive+Gating_tune,5,0.25,100,0.3,32,0.001,1e-08,300,0.01,0.1,0.5717144989483682,0.3341916677062808,0.6649616368286445,1
Contrastive+Gating_tune,42,0.25,100,0.3,32,0.001,1e-08,300,0.01,0.1,0.5218976864102043,0.2988015767235963,0.6675191815856778,1
Contrastive+Gating_tune,0,0.25,100,0.3,32,0.001,1e-08,300,0.01,0.2,0.5152147364135965,0.2876329010455902,0.6521739130434783,1
Contrastive+Gating_tune,5,0.25,100,0.3,32,0.001,1e-08,300,0.01,0.2,0.5478153198995861,0.3147673334896849,0.6726342710997443,1
Contrastive+Gating_tune,42,0.25,100,0.3,32,0.001,1e-08,300,0.01,0.2,0.4701302666395277,0.2551400706687445,0.6445012787723785,1
Contrastive+Gating_tune,0,0.25,100,0.3,32,0.001,1e-08,300,0.01,0.05,0.5394361897007939,0.2934390207519761,0.6726342710997443,1
Contrastive+Gating_tune,5,0.25,100,0.3,32,0.001,1e-08,300,0.01,0.05,0.5373668498541285,0.296458032073474,0.6649616368286445,1
Contrastive+Gating_tune,42,0.25,100,0.3,32,0.001,1e-08,300,0.01,0.05,0.4979306601533347,0.26408294025711043,0.6572890025575447,1
